Time,Temperature,Humidity
2020:6:22/10:45:12,32.8,48.7
Time,Temperature,Humidity
2020:6:22/11:23:57,32.2,50.2
Time,Temperature,Humidity
2020:6:22/12:6:46,32.7,49
Time,Temperature,Humidity
2020:6:22/12:6:46,32.7,49.2
Time,Temperature,Humidity
2020:6:22/12:6:47,32.7,49.1
Time,Temperature,Humidity
2020:6:22/12:6:47,33,49.1
Time,Temperature,Humidity
2020:6:22/12:8:53,32.5,49.7
Time,Temperature,Humidity
2020:6:22/12:8:54,32.5,49.7
Time,Temperature,Humidity
2020:6:22/12:8:54,32.5,49.7
Time,Temperature,Humidity
2020:6:22/12:8:55,32.5,49.7
Time,Temperature,Humidity
2020:6:22/12:8:55,32.5,49.7
Time,Temperature,Humidity
2020:6:22/12:8:56,32.5,49.7
Time,Temperature,Humidity
2020:6:22/12:8:56,32.5,49.7
Time,Temperature,Humidity
2020:6:22/12:8:57,32.7,49.7
Time,Temperature,Humidity
2020:6:22/12:8:57,32.6,49.7
Time,Temperature,Humidity
2020:6:22/12:8:58,32.5,49.7
Time,Temperature,Humidity
2020:6:22/12:8:58,32.5,49.7
Time,Temperature,Humidity
2020:6:22/12:8:59,32.7,49.7
Time,Temperature,Humidity
2020:6:22/12:8:59,32.6,49.7
Time,Temperature,Humidity
2020:6:22/12:8:59,32.6,49.6
Time,Temperature,Humidity
2020:6:22/12:9:0,32.6,49.6
Time,Temperature,Humidity
2020:6:22/12:9:0,32.6,49.6
Time,Temperature,Humidity
2020:6:22/12:9:1,32.6,49.7
Time,Temperature,Humidity
2020:6:22/12:9:1,32.7,49.6
Time,Temperature,Humidity
2020:6:22/12:9:2,32.7,49.7
Time,Temperature,Humidity
2020:6:22/12:9:2,32.6,49.6
Time,Temperature,Humidity
2020:6:22/12:9:3,32.6,49.7
Time,Temperature,Humidity
2020:6:22/12:9:3,32.6,49.6
Time,Temperature,Humidity
2020:6:22/12:9:4,32.7,49.7
Time,Temperature,Humidity
2020:6:22/12:9:4,32.5,49.7
Time,Temperature,Humidity
2020:6:22/12:9:5,32.9,49.6
Time,Temperature,Humidity
2020:6:22/12:9:5,32.6,49.7
Time,Temperature,Humidity
2020:6:22/12:9:6,32.7,49.6
Time,Temperature,Humidity
2020:6:22/12:9:6,32.7,49.7
Time,Temperature,Humidity
2020:6:22/12:9:7,32.7,49.6
Time,Temperature,Humidity
2020:6:22/12:9:7,32.6,49.7
Time,Temperature,Humidity
2020:6:22/12:9:8,32.6,49.6
Time,Temperature,Humidity
2020:6:22/12:9:8,32.6,49.7
Time,Temperature,Humidity
2020:6:22/12:9:9,32.8,49.6
Time,Temperature,Humidity
2020:6:22/12:9:9,32.5,49.7
Time,Temperature,Humidity
2020:6:22/12:9:10,32.6,49.7
Time,Temperature,Humidity
2020:6:22/12:9:10,32.6,49.6
Time,Temperature,Humidity
2020:6:22/12:9:11,32.7,49.7
Time,Temperature,Humidity
2020:6:22/12:9:11,32.7,49.6
Time,Temperature,Humidity
2020:6:22/12:9:46,32.63,49.6
Time,Temperature,Humidity
2020:6:22/12:9:46,32.6,49.5
Time,Temperature,Humidity
2020:6:22/12:9:47,32.6,49.6
Time,Temperature,Humidity
2020:6:22/12:9:47,32.5,49.5
Time,Temperature,Humidity
2020:6:22/12:9:48,32.6,0.6
Time,Temperature,Humidity
2020:6:22/12:9:48,32.7,49.5
Time,Temperature,Humidity
2020:6:22/12:9:48,32.6,49.4
Time,Temperature,Humidity
2020:6:22/12:9:49,32.5,49.5
Time,Temperature,Humidity
2020:6:22/12:9:49,32.7,49.5
Time,Temperature,Humidity
2020:6:22/12:9:50,32.6,49.5
Time,Temperature,Humidity
2020:6:22/12:9:50,32.6,0.6
Time,Temperature,Humidity
2020:6:22/12:9:50,32.6,49.5
Time,Temperature,Humidity
2020:6:22/12:9:51,32.6,49.5
Time,Temperature,Humidity
2020:6:22/12:9:51,32.5,49.5
Time,Temperature,Humidity
2020:6:22/12:9:52,32.7,49.5
Time,Temperature,Humidity
2020:6:22/12:9:52,32.7,49.5
Time,Temperature,Humidity
2020:6:22/12:9:53,32.6,49.5
Time,Temperature,Humidity
2020:6:22/12:9:55,33,49.5
Time,Temperature,Humidity
2020:6:22/12:9:56,32.5,49.5
Time,Temperature,Humidity
2020:6:22/12:9:56,32.5,49.7
Time,Temperature,Humidity
2020:6:22/12:9:57,32.8,49.6
Time,Temperature,Humidity
2020:6:22/12:9:57,32.7,49.6
Time,Temperature,Humidity
2020:6:22/12:9:57,32.5,49.7
Time,Temperature,Humidity
2020:6:22/12:9:58,32.6,49.7
Time,Temperature,Humidity
2020:6:22/12:9:58,32.7,49.6
Time,Temperature,Humidity
2020:6:22/12:9:59,32.8,49.6
Time,Temperature,Humidity
2020:6:22/12:9:59,32.7,0.6
Time,Temperature,Humidity
2020:6:22/12:9:59,32.8,49.6
Time,Temperature,Humidity
2020:6:22/12:10:0,32.6,49.5
Time,Temperature,Humidity
2020:6:22/12:10:0,32.7,49.6
Time,Temperature,Humidity
2020:6:22/12:10:1,32.4,49.6
Time,Temperature,Humidity
2020:6:22/12:10:1,32.6,49.5
Time,Temperature,Humidity
2020:6:22/12:10:2,32.7,49.6
Time,Temperature,Humidity
2020:6:22/12:10:2,32.6,49.5
Time,Temperature,Humidity
2020:6:22/12:10:3,32.7,49.6
Time,Temperature,Humidity
2020:6:22/12:10:3,32.6,49.5
Time,Temperature,Humidity
2020:6:22/12:10:4,32.6,49.6
Time,Temperature,Humidity
2020:6:22/12:10:4,32.5,49.5
Time,Temperature,Humidity
2020:6:22/12:10:5,32.6,49.6
Time,Temperature,Humidity
2020:6:22/12:10:5,32.4,49.6
Time,Temperature,Humidity
2020:6:22/12:10:6,32.7,49.5
Time,Temperature,Humidity
2020:6:22/12:10:6,32.7,49.6
Time,Temperature,Humidity
2020:6:22/12:10:7,32.6,49.5
Time,Temperature,Humidity
2020:6:22/12:10:7,32.5,49.6
Time,Temperature,Humidity
2020:6:22/12:10:8,32.6,49.5
Time,Temperature,Humidity
2020:6:22/12:10:8,32.7,49.6
Time,Temperature,Humidity
2020:6:22/12:10:9,32.6,49.5
Time,Temperature,Humidity
2020:6:22/12:10:9,32.6,49.6
Time,Temperature,Humidity
2020:6:22/12:10:10,32.3,49.6
Time,Temperature,Humidity
2020:6:22/12:10:10,33,49.6
Time,Temperature,Humidity
2020:6:22/12:10:11,32.7,49.6
Time,Temperature,Humidity
2020:6:22/12:10:11,32.6,49.5
Time,Temperature,Humidity
2020:6:22/12:10:12,32.6,49.6
Time,Temperature,Humidity
2020:6:22/12:10:12,32.6,49.5
Time,Temperature,Humidity
2020:6:22/12:10:13,32.7,49.6
Time,Temperature,Humidity
2020:6:22/12:10:13,32.6,49.5
Time,Temperature,Humidity
2020:6:22/12:10:14,32.8,49.6
Time,Temperature,Humidity
2020:6:22/12:10:14,32.6,49.5
Time,Temperature,Humidity
2020:6:22/12:10:15,32.5,49.5
Time,Temperature,Humidity
2020:6:22/12:10:15,32.7,49.6
Time,Temperature,Humidity
2020:6:22/12:10:16,32.7,49.5
Time,Temperature,Humidity
2020:6:22/12:10:16,32.7,49.6
Time,Temperature,Humidity
2020:6:22/12:10:17,32.6,49.5
Time,Temperature,Humidity
2020:6:22/12:10:17,32.6,49.5
Time,Temperature,Humidity
2020:6:22/12:10:18,32.6,49.5
Time,Temperature,Humidity
2020:6:22/12:10:18,32.7,49.5
Time,Temperature,Humidity
2020:6:22/12:10:19,32.6,49.5
Time,Temperature,Humidity
2020:6:22/12:10:19,32.7,49.5
Time,Temperature,Humidity
2020:6:22/12:10:20,32.4,49.6
Time,Temperature,Humidity
2020:6:22/12:10:20,32.6,49.5
Time,Temperature,Humidity
2020:6:22/12:10:21,32.7,49.6
Time,Temperature,Humidity
2020:6:22/12:10:21,32.7,49.5
Time,Temperature,Humidity
2020:6:22/12:10:22,32.7,49.6
Time,Temperature,Humidity
2020:6:22/12:10:22,32.6,49.5
Time,Temperature,Humidity
2020:6:22/12:10:23,32.6,49.5
Time,Temperature,Humidity
2020:6:22/12:10:23,32.7,49.5
Time,Temperature,Humidity
2020:6:22/12:10:24,32.7,49.5
Time,Temperature,Humidity
2020:6:22/12:10:24,32.3,49.5
Time,Temperature,Humidity
2020:6:22/12:10:25,32.6,49.5
Time,Temperature,Humidity
2020:6:22/12:10:25,32.6,49.5
Time,Temperature,Humidity
2020:6:22/12:10:26,32.7,49.5
Time,Temperature,Humidity
2020:6:22/12:10:26,32.6,49.5
Time,Temperature,Humidity
2020:6:22/12:10:27,32.7,49.5
Time,Temperature,Humidity
2020:6:22/12:10:27,32.7,49.6
Time,Temperature,Humidity
2020:6:22/12:10:28,32.7,49.5
Time,Temperature,Humidity
2020:6:22/12:10:28,32.7,49.6
Time,Temperature,Humidity
2020:6:22/12:10:29,32.7,49.5
Time,Temperature,Humidity
2020:6:22/12:10:36,32.8,49.6
Time,Temperature,Humidity
2020:6:22/12:10:36,32.5,49.6
Time,Temperature,Humidity
2020:6:22/12:10:37,32.7,49.7
Time,Temperature,Humidity
2020:6:22/12:10:37,32.7,49.7
Time,Temperature,Humidity
2020:6:22/12:10:38,33,49.7
Time,Temperature,Humidity
2020:6:22/12:10:38,32.8,49.7
Time,Temperature,Humidity
2020:6:22/12:10:39,32.9,49.7
Time,Temperature,Humidity
2020:6:22/12:10:39,32.8,49.7
Time,Temperature,Humidity
2020:6:22/12:10:40,32.9,49.7
Time,Temperature,Humidity
2020:6:22/12:10:40,33,49.7
Time,Temperature,Humidity
2020:6:22/12:10:41,33,49.7
Time,Temperature,Humidity
2020:6:22/12:10:41,33,49.7
Time,Temperature,Humidity
2020:6:22/12:10:41,32.8,49.7
Time,Temperature,Humidity
2020:6:22/12:10:42,33.2,50
Time,Temperature,Humidity
2020:6:22/12:10:42,33,49.7
Time,Temperature,Humidity
2020:6:22/12:10:43,33.1,49.6
Time,Temperature,Humidity
2020:6:22/12:10:43,33.1,49.6
Time,Temperature,Humidity
2020:6:22/12:10:44,33,49.6
Time,Temperature,Humidity
2020:6:22/12:10:44,33.2,49.9
Time,Temperature,Humidity
2020:6:22/12:10:45,33.1,49.5
Time,Temperature,Humidity
2020:6:22/12:10:45,33.2,49.8
Time,Temperature,Humidity
2020:6:22/12:10:46,33,49.5
Time,Temperature,Humidity
2020:6:22/12:12:29,33.4,48.5
Time,Temperature,Humidity
2020:6:22/12:12:29,33.4,48.5
Time,Temperature,Humidity
2020:6:22/12:12:29,33.3,48.5
Time,Temperature,Humidity
2020:6:22/12:12:30,33.4,48.5
Time,Temperature,Humidity
2020:6:22/12:12:30,33.4,48.5
Time,Temperature,Humidity
2020:6:22/12:12:31,33.4,48.5
Time,Temperature,Humidity
2020:6:22/12:12:31,33.7,48.5
Time,Temperature,Humidity
2020:6:22/12:12:32,33.3,48.5
Time,Temperature,Humidity
2020:6:22/12:12:32,33.2,48.5
Time,Temperature,Humidity
2020:6:22/12:12:33,33.3,48.5
Time,Temperature,Humidity
2020:6:22/12:12:33,33.3,48.4
Time,Temperature,Humidity
2020:6:22/12:12:34,33.3,48.5
Time,Temperature,Humidity
2020:6:22/12:12:34,33.2,48.5
Time,Temperature,Humidity
2020:6:22/12:12:35,33.2,48.6
Time,Temperature,Humidity
2020:6:22/12:12:35,33.3,48.6
Time,Temperature,Humidity
2020:6:22/12:12:36,33.2,48.7
Time,Temperature,Humidity
2020:6:22/12:12:36,33.2,48.6
Time,Temperature,Humidity
2020:6:22/12:12:37,33.8,48.6
Time,Temperature,Humidity
2020:6:22/12:12:37,33.2,48.6
Time,Temperature,Humidity
2020:6:22/12:12:38,33.2,48.5
Time,Temperature,Humidity
2020:6:22/12:12:38,33.2,48.6
Time,Temperature,Humidity
2020:6:22/12:12:39,33.2,48.6
Time,Temperature,Humidity
2020:6:22/12:12:39,33.2,48.6
Time,Temperature,Humidity
2020:6:22/12:12:40,33.2,48.6
Time,Temperature,Humidity
2020:6:22/12:12:40,33.2,48.6
Time,Temperature,Humidity
2020:6:22/12:12:41,32.7,48.3
Time,Temperature,Humidity
2020:6:22/12:12:41,33.4,48.6
Time,Temperature,Humidity
2020:6:22/12:12:42,33.2,48.7
Time,Temperature,Humidity
2020:6:22/12:12:42,33.3,48.7
Time,Temperature,Humidity
2020:6:22/12:12:43,33.3,48.7
Time,Temperature,Humidity
2020:6:22/12:12:43,33.2,48.7
Time,Temperature,Humidity
2020:6:22/12:12:44,33.2,48.7
Time,Temperature,Humidity
2020:6:22/12:12:44,33.3,48.6
Time,Temperature,Humidity
2020:6:22/12:12:45,33.2,48.7
Time,Temperature,Humidity
2020:6:22/12:12:45,33.2,48.7
Time,Temperature,Humidity
2020:6:22/12:12:46,33.2,48.7
Time,Temperature,Humidity
2020:6:22/12:12:46,32.8,48.4
Time,Temperature,Humidity
2020:6:22/12:12:47,33.1,48.3
Time,Temperature,Humidity
2020:6:22/12:12:47,33.2,48.7
Time,Temperature,Humidity
2020:6:22/12:12:48,33.2,48.6
Time,Temperature,Humidity
2020:6:22/12:12:48,33.1,48.4
Time,Temperature,Humidity
2020:6:22/12:12:49,33.3,48.6
Time,Temperature,Humidity
2020:6:22/12:12:49,33.2,48.7
Time,Temperature,Humidity
2020:6:22/12:12:50,33.2,48.6
Time,Temperature,Humidity
2020:6:22/12:14:13,32.8,49.2
Time,Temperature,Humidity
2020:6:22/12:14:13,32.9,49.1
Time,Temperature,Humidity
2020:6:22/12:14:14,32.7,49.2
Time,Temperature,Humidity
2020:6:22/12:14:14,32.5,49.2
Time,Temperature,Humidity
2020:6:22/12:14:14,32.8,49.2
Time,Temperature,Humidity
2020:6:22/12:14:15,32.7,49.2
Time,Temperature,Humidity
2020:6:22/12:14:15,32.7,49.2
Time,Temperature,Humidity
2020:6:22/12:14:16,32.7,49.2
Time,Temperature,Humidity
2020:6:22/12:14:16,32.7,49.2
Time,Temperature,Humidity
2020:6:22/12:14:17,32.7,49.2
Time,Temperature,Humidity
2020:6:22/12:14:17,32.8,49.2
Time,Temperature,Humidity
2020:6:22/12:14:18,32.7,49.2
Time,Temperature,Humidity
2020:6:22/12:14:18,32.8,49.2
Time,Temperature,Humidity
2020:6:22/12:14:19,32.8,49.2
Time,Temperature,Humidity
2020:6:22/12:14:19,32.5,49.1
Time,Temperature,Humidity
2020:6:22/12:14:20,32.8,49.1
Time,Temperature,Humidity
2020:6:22/12:14:20,32.8,49.1
Time,Temperature,Humidity
2020:6:22/12:14:21,32.8,49.2
Time,Temperature,Humidity
2020:6:22/12:14:21,32.7,49.1
Time,Temperature,Humidity
2020:6:22/12:14:22,32.8,49.1
Time,Temperature,Humidity
2020:6:22/12:14:22,32.7,49.2
Time,Temperature,Humidity
2020:6:22/12:14:23,32.8,49.2
Time,Temperature,Humidity
2020:6:22/12:14:23,33,49.2
Time,Temperature,Humidity
2020:6:22/12:14:24,32.8,49.2
Time,Temperature,Humidity
2020:6:22/12:14:24,32.8,49.2
Time,Temperature,Humidity
2020:6:22/12:14:25,32.7,49.2
Time,Temperature,Humidity
2020:6:22/12:14:25,32.8,49.2
Time,Temperature,Humidity
2020:6:22/12:14:26,32.7,49.2
Time,Temperature,Humidity
2020:6:22/12:14:26,32.8,49.2
Time,Temperature,Humidity
2020:6:22/12:14:27,32.7,49.2
Time,Temperature,Humidity
2020:6:22/12:14:27,32.8,49.2
Time,Temperature,Humidity
2020:6:22/12:14:28,32.8,49.2
Time,Temperature,Humidity
2020:6:22/12:14:28,32.6,49.2
Time,Temperature,Humidity
2020:6:22/12:14:29,33,62.3
Time,Temperature,Humidity
2020:6:22/12:14:29,32.8,62.3
Time,Temperature,Humidity
2020:6:22/12:14:30,32.8,62.6
Time,Temperature,Humidity
2020:6:22/12:14:30,32.9,68.3
Time,Temperature,Humidity
2020:6:22/12:14:31,32.9,62.9
Time,Temperature,Humidity
2020:6:22/12:14:31,33,62.8
Time,Temperature,Humidity
2020:6:22/12:14:32,32.9,62.6
Time,Temperature,Humidity
2020:6:22/12:14:32,33,62.3
Time,Temperature,Humidity
2020:6:22/12:14:33,33,59.1
Time,Temperature,Humidity
2020:6:22/12:14:33,32.9,59.1
Time,Temperature,Humidity
2020:6:22/12:14:34,33,59.1
Time,Temperature,Humidity
2020:6:22/12:14:34,32.9,59.1
Time,Temperature,Humidity
2020:6:22/12:14:35,32.9,59
Time,Temperature,Humidity
2020:6:22/12:14:35,33,58.9
Time,Temperature,Humidity
2020:6:22/12:14:36,33,58.7
Time,Temperature,Humidity
2020:6:22/12:14:36,32.9,58.5
Time,Temperature,Humidity
2020:6:22/12:14:37,32.8,58.2
Time,Temperature,Humidity
2020:6:22/12:14:37,32.8,58
Time,Temperature,Humidity
2020:6:22/12:14:38,32.8,57.8
Time,Temperature,Humidity
2020:6:22/12:14:38,32.8,57.5
Time,Temperature,Humidity
2020:6:22/12:14:39,32.8,54.2
Time,Temperature,Humidity
2020:6:22/12:14:39,32.9,0.4
Time,Temperature,Humidity
2020:6:22/12:14:39,32.8,54.4
Time,Temperature,Humidity
2020:6:22/12:14:40,32.9,54.4
Time,Temperature,Humidity
2020:6:22/12:14:40,32.8,54.5
Time,Temperature,Humidity
2020:6:22/12:14:41,32.9,54.4
Time,Temperature,Humidity
2020:6:22/12:14:41,32.9,54.4
Time,Temperature,Humidity
2020:6:22/12:14:42,32.8,54.2
Time,Temperature,Humidity
2020:6:22/12:14:42,32.9,54.2
Time,Temperature,Humidity
2020:6:22/12:14:43,32.8,0
Time,Temperature,Humidity
2020:6:22/12:14:43,32.9,53.8
Time,Temperature,Humidity
2020:6:22/12:14:43,32.7,53.6
Time,Temperature,Humidity
2020:6:22/12:14:44,32.9,53.5
Time,Temperature,Humidity
2020:6:22/12:14:44,32.9,53.3
Time,Temperature,Humidity
2020:6:22/12:14:45,32.9,53.2
Time,Temperature,Humidity
2020:6:22/12:14:45,32.8,53
Time,Temperature,Humidity
2020:6:22/12:14:46,32.8,52.9
Time,Temperature,Humidity
2020:6:22/12:14:46,32.9,52.9
Time,Temperature,Humidity
2020:6:22/12:14:46,33,52.5
Time,Temperature,Humidity
2020:6:22/12:14:47,32.9,52.5
Time,Temperature,Humidity
2020:6:22/12:14:47,32.9,52.2
Time,Temperature,Humidity
2020:6:22/12:14:48,32.9,52.1
Time,Temperature,Humidity
2020:6:22/12:14:48,32.9,52.1
Time,Temperature,Humidity
2020:6:22/12:14:49,32.7,51.8
Time,Temperature,Humidity
2020:6:22/12:14:49,32.8,51.9
Time,Temperature,Humidity
2020:6:22/12:14:50,32.8,50.5
Time,Temperature,Humidity
2020:6:22/12:14:50,33,50.5
Time,Temperature,Humidity
2020:6:22/12:14:51,32.8,50.5
Time,Temperature,Humidity
2020:6:22/12:17:14,32.5,49.6
Time,Temperature,Humidity
2020:6:22/12:17:14,32.7,49.6
Time,Temperature,Humidity
2020:6:22/12:17:15,32.7,49.6
Time,Temperature,Humidity
2020:6:22/12:17:15,32.6,49.5
Time,Temperature,Humidity
2020:6:22/12:17:16,32.7,49.6
Time,Temperature,Humidity
2020:6:22/12:17:16,32.8,49.5
Time,Temperature,Humidity
2020:6:22/12:17:16,32.9,49.5
Time,Temperature,Humidity
2020:6:22/12:17:17,32.8,49.6
Time,Temperature,Humidity
2020:6:22/12:17:17,32.7,49.5
Time,Temperature,Humidity
2020:6:22/12:17:18,32.5,49.6
Time,Temperature,Humidity
2020:6:22/12:17:18,32.7,49.5
Time,Temperature,Humidity
2020:6:22/12:17:19,32.7,49.5
Time,Temperature,Humidity
2020:6:22/12:17:19,32.8,49.6
Time,Temperature,Humidity
2020:6:22/12:17:20,32.7,49.5
Time,Temperature,Humidity
2020:6:22/12:17:20,32.7,49.6
Time,Temperature,Humidity
2020:6:22/12:17:21,32.8,49.5
Time,Temperature,Humidity
2020:6:22/12:17:21,32.9,49.5
Time,Temperature,Humidity
2020:6:22/12:17:21,32.7,49.6
Time,Temperature,Humidity
2020:6:22/12:17:22,32.7,49.5
Time,Temperature,Humidity
2020:6:22/12:17:22,32.7,49.6
Time,Temperature,Humidity
2020:6:22/12:17:23,32.7,49.6
Time,Temperature,Humidity
2020:6:22/12:17:23,32.7,49.5
Time,Temperature,Humidity
2020:6:22/12:17:23,32.8,49.5
Time,Temperature,Humidity
2020:6:22/12:17:24,32.6,49.6
Time,Temperature,Humidity
2020:6:22/12:17:24,32.6,49.5
Time,Temperature,Humidity
2020:6:22/12:17:25,32.6,49.6
Time,Temperature,Humidity
2020:6:22/12:17:25,32.7,49.5
Time,Temperature,Humidity
2020:6:22/12:17:26,32.7,49.6
Time,Temperature,Humidity
2020:6:22/12:17:26,32.7,49.5
Time,Temperature,Humidity
2020:6:22/12:17:27,32.9,49.5
Time,Temperature,Humidity
2020:6:22/12:17:27,32.5,49.5
Time,Temperature,Humidity
2020:6:22/12:17:28,32.6,49.5
Time,Temperature,Humidity
2020:6:22/12:17:28,32.7,49.6
Time,Temperature,Humidity
2020:6:22/12:17:29,32.5,49.5
Time,Temperature,Humidity
2020:6:22/12:17:29,32.7,49.6
Time,Temperature,Humidity
2020:6:22/12:17:30,32.5,49.5
Time,Temperature,Humidity
2020:6:22/12:17:30,32.5,49.6
Time,Temperature,Humidity
2020:6:22/12:17:31,32.7,49.5
Time,Temperature,Humidity
2020:6:22/12:17:31,32.7,49.6
Time,Temperature,Humidity
2020:6:22/12:17:32,32.7,49.6
Time,Temperature,Humidity
2020:6:22/12:17:32,32.6,49.5
Time,Temperature,Humidity
2020:6:22/12:17:33,32.7,49.6
Time,Temperature,Humidity
2020:6:22/12:17:33,32.7,49.5
Time,Temperature,Humidity
2020:6:22/12:17:34,32.7,49.6
Time,Temperature,Humidity
2020:6:22/12:17:34,32.7,49.5
Time,Temperature,Humidity
2020:6:22/12:17:35,32.6,49.6
Time,Temperature,Humidity
2020:6:22/12:17:35,32.6,49.6
Time,Temperature,Humidity
2020:6:22/12:17:36,32.7,49.7
Time,Temperature,Humidity
2020:6:22/12:17:36,32.5,49.7
Time,Temperature,Humidity
2020:6:22/12:17:37,32.7,49.6
Time,Temperature,Humidity
2020:6:22/12:17:37,32.6,49.7
Time,Temperature,Humidity
2020:6:22/12:17:38,32.6,49.6
Time,Temperature,Humidity
2020:6:22/12:17:38,32.7,49.7
Time,Temperature,Humidity
2020:6:22/12:17:39,32.7,49.6
Time,Temperature,Humidity
2020:6:22/12:17:39,32.7,49.7
Time,Temperature,Humidity
2020:6:22/12:17:40,32.7,49.6
Time,Temperature,Humidity
2020:6:22/12:17:40,32.5,49.7
Time,Temperature,Humidity
2020:6:22/12:17:41,32.7,49.6
Time,Temperature,Humidity
2020:6:22/12:17:41,32.7,49.7
Time,Temperature,Humidity
2020:6:22/12:17:42,32.6,49.7
Time,Temperature,Humidity
2020:6:22/12:17:42,32.7,49.6
Time,Temperature,Humidity
2020:6:22/12:17:43,32.6,49.7
Time,Temperature,Humidity
2020:6:22/12:17:43,32.7,49.6
Time,Temperature,Humidity
2020:6:22/12:17:44,32.7,49.7
Time,Temperature,Humidity
2020:6:22/12:17:44,32.7,49.6
Time,Temperature,Humidity
2020:6:22/12:17:45,32.6,49.7
Time,Temperature,Humidity
2020:6:22/12:17:45,32.5,49.6
Time,Temperature,Humidity
2020:6:22/12:17:46,32.4,49.7
Time,Temperature,Humidity
2020:6:22/12:17:46,32.5,49.7
Time,Temperature,Humidity
2020:6:22/12:17:47,32.4,49.6
Time,Temperature,Humidity
2020:6:22/12:17:47,32.6,49.7
Time,Temperature,Humidity
2020:6:22/12:17:48,32.8,49.6
Time,Temperature,Humidity
2020:6:22/12:17:48,32.6,49.7
Time,Temperature,Humidity
2020:6:22/12:17:48,32.6,49.6
Time,Temperature,Humidity
2020:6:22/12:17:49,32.7,49.7
Time,Temperature,Humidity
2020:6:22/12:17:49,32.8,49.6
Time,Temperature,Humidity
2020:6:22/12:17:50,32.9,49.6
Time,Temperature,Humidity
2020:6:22/12:17:50,32.5,49.6
Time,Temperature,Humidity
2020:6:22/12:17:51,32.6,49.6
Time,Temperature,Humidity
2020:6:22/12:17:51,32.7,49.7
Time,Temperature,Humidity
2020:6:22/12:17:52,32.6,49.6
Time,Temperature,Humidity
2020:6:22/12:17:52,32.7,49.7
Time,Temperature,Humidity
2020:6:22/12:17:53,32.6,49.6
Time,Temperature,Humidity
2020:6:22/12:17:53,32.6,49.7
Time,Temperature,Humidity
2020:6:22/12:17:54,32.8,49.6
Time,Temperature,Humidity
2020:6:22/12:17:54,32.7,49.7
Time,Temperature,Humidity
2020:6:22/12:17:55,32.6,49.7
Time,Temperature,Humidity
2020:6:22/12:17:55,32.7,49.6
Time,Temperature,Humidity
2020:6:22/12:17:56,32.6,49.7
Time,Temperature,Humidity
2020:6:22/12:17:56,32.5,49.6
Time,Temperature,Humidity
2020:6:22/12:17:57,32.6,49.7
Time,Temperature,Humidity
2020:6:22/12:17:57,32.6,49.6
Time,Temperature,Humidity
2020:6:22/12:17:58,32.5,49.7
Time,Temperature,Humidity
2020:6:22/12:17:58,32.6,49.6
Time,Temperature,Humidity
2020:6:22/12:17:59,32.6,49.7
Time,Temperature,Humidity
2020:6:22/12:17:59,32.5,49.7
Time,Temperature,Humidity
2020:6:22/12:18:0,32.5,49.7
Time,Temperature,Humidity
2020:6:22/12:18:0,32.6,49.7
Time,Temperature,Humidity
2020:6:22/12:18:1,32.7,49.6
Time,Temperature,Humidity
2020:6:22/12:18:1,32.6,49.7
Time,Temperature,Humidity
2020:6:22/12:18:2,32.7,49.6
Time,Temperature,Humidity
2020:6:22/12:18:2,32.7,49.7
Time,Temperature,Humidity
2020:6:22/12:18:3,32.6,49.6
Time,Temperature,Humidity
2020:6:22/12:18:3,32.6,49.7
Time,Temperature,Humidity
2020:6:22/12:18:4,32.7,49.6
Time,Temperature,Humidity
2020:6:22/12:18:4,32.8,49.6
Time,Temperature,Humidity
2020:6:22/12:18:5,32.5,49.7
Time,Temperature,Humidity
2020:6:22/12:18:5,32.6,49.6
Time,Temperature,Humidity
2020:6:22/12:18:6,32.7,49.7
Time,Temperature,Humidity
2020:6:22/12:18:6,32.7,49.6
Time,Temperature,Humidity
2020:6:22/12:18:7,32.7,49.7
Time,Temperature,Humidity
2020:6:22/12:18:7,32.8,49.6
Time,Temperature,Humidity
2020:6:22/12:18:8,32.7,49.7
Time,Temperature,Humidity
2020:6:22/12:18:8,32.7,49.6
Time,Temperature,Humidity
2020:6:22/12:18:9,32.6,49.7
Time,Temperature,Humidity
2020:6:22/12:18:9,32.6,49.7
Time,Temperature,Humidity
2020:6:22/12:18:10,32.7,49.6
Time,Temperature,Humidity
2020:6:22/12:18:10,32.6,49.7
Time,Temperature,Humidity
2020:6:22/12:18:11,32.5,49.6
Time,Temperature,Humidity
2020:6:22/12:18:11,32.7,49.7
Time,Temperature,Humidity
2020:6:22/12:18:12,32.7,49.6
Time,Temperature,Humidity
2020:6:22/12:18:12,32.5,49.7
Time,Temperature,Humidity
2020:6:22/12:18:13,32.6,49.6
Time,Temperature,Humidity
2020:6:22/12:18:13,32.7,49.7
Time,Temperature,Humidity
2020:6:22/12:18:14,32.6,49.7
Time,Temperature,Humidity
2020:6:22/12:18:14,32.6,49.6
Time,Temperature,Humidity
2020:6:22/12:18:15,32.7,49.7
Time,Temperature,Humidity
2020:6:22/12:18:15,32.5,49.6
Time,Temperature,Humidity
2020:6:22/12:18:16,32.7,49.7
Time,Temperature,Humidity
2020:6:22/12:18:16,32.8,49.6
Time,Temperature,Humidity
2020:6:22/12:18:17,32.7,49.7
Time,Temperature,Humidity
2020:6:22/12:18:17,32.7,49.6
Time,Temperature,Humidity
2020:6:22/12:18:18,32.7,49.7
Time,Temperature,Humidity
2020:6:22/12:18:18,32.7,49.7
Time,Temperature,Humidity
2020:6:22/12:18:19,32.8,49.6
Time,Temperature,Humidity
2020:6:22/12:18:19,32.7,49.7
Time,Temperature,Humidity
2020:6:22/12:18:20,32.7,49.6
Time,Temperature,Humidity
2020:6:22/12:18:20,32.6,49.7
Time,Temperature,Humidity
2020:6:22/12:18:21,32.8,49.6
Time,Temperature,Humidity
2020:6:22/12:18:21,32.6,49.7
Time,Temperature,Humidity
2020:6:22/12:18:22,32.8,49.6
Time,Temperature,Humidity
2020:6:22/12:18:22,32.7,49.7
Time,Temperature,Humidity
2020:6:22/12:18:23,32.3,49.7
Time,Temperature,Humidity
2020:6:22/12:18:23,32.7,49.7
Time,Temperature,Humidity
2020:6:22/12:18:24,32.5,49.7
Time,Temperature,Humidity
2020:6:22/12:18:24,32.7,49.6
Time,Temperature,Humidity
2020:6:22/12:18:25,32.7,49.7
Time,Temperature,Humidity
2020:6:22/12:18:25,32.5,49.6
Time,Temperature,Humidity
2020:6:22/12:18:26,32.6,49.7
Time,Temperature,Humidity
2020:6:22/12:18:26,32.7,49.6
Time,Temperature,Humidity
2020:6:22/12:18:27,32.7,49.7
Time,Temperature,Humidity
2020:6:22/12:18:27,32.7,49.6
Time,Temperature,Humidity
2020:6:22/12:18:28,32.7,49.6
Time,Temperature,Humidity
2020:6:22/12:18:28,32.5,49.7
Time,Temperature,Humidity
2020:6:22/12:18:29,32.7,49.6
Time,Temperature,Humidity
2020:6:22/12:18:29,32.7,49.7
Time,Temperature,Humidity
2020:6:22/12:18:30,32.7,49.6
Time,Temperature,Humidity
2020:6:22/12:18:30,32.6,49.7
Time,Temperature,Humidity
2020:6:22/12:18:31,32.8,49.6
Time,Temperature,Humidity
2020:6:22/12:18:31,32.7,49.7
Time,Temperature,Humidity
2020:6:22/12:18:32,32.8,49.6
Time,Temperature,Humidity
2020:6:22/12:18:32,32.7,49.6
Time,Temperature,Humidity
2020:6:22/12:18:32,32.5,49.7
Time,Temperature,Humidity
2020:6:22/12:18:33,32.5,49.6
Time,Temperature,Humidity
2020:6:22/12:18:33,32.7,49.7
Time,Temperature,Humidity
2020:6:22/12:18:34,32.8,49.6
Time,Temperature,Humidity
2020:6:22/12:18:34,32.7,49.7
Time,Temperature,Humidity
2020:6:22/12:18:35,32.6,49.6
Time,Temperature,Humidity
2020:6:22/12:18:35,32.6,49.7
Time,Temperature,Humidity
2020:6:22/12:18:36,32.5,49.6
Time,Temperature,Humidity
2020:6:22/12:18:36,32.7,49.6
Time,Temperature,Humidity
2020:6:22/12:18:37,32.6,49.6
Time,Temperature,Humidity
2020:6:22/12:18:37,32.7,49.6
Time,Temperature,Humidity
2020:6:22/12:18:38,32.6,49.7
Time,Temperature,Humidity
2020:6:22/12:18:38,32.7,49.6
Time,Temperature,Humidity
2020:6:22/12:18:39,32.7,49.7
Time,Temperature,Humidity
2020:6:22/12:18:39,32.7,49.6
Time,Temperature,Humidity
2020:6:22/12:18:40,32.5,49.7
Time,Temperature,Humidity
2020:6:22/12:18:40,32.8,49.6
Time,Temperature,Humidity
2020:6:22/12:18:41,32.5,49.7
Time,Temperature,Humidity
2020:6:22/12:18:41,32.4,49.7
Time,Temperature,Humidity
2020:6:22/12:18:47,32.7,49.7
Time,Temperature,Humidity
2020:6:22/12:18:51,32.7,49.6
Time,Temperature,Humidity
2020:6:22/12:18:51,32.6,49.7
Time,Temperature,Humidity
2020:6:22/12:18:51,32.8,49.6
Time,Temperature,Humidity
2020:6:22/12:18:52,32.7,49.7
Time,Temperature,Humidity
2020:6:22/12:18:52,32.8,49.6
Time,Temperature,Humidity
2020:6:22/12:18:52,32.5,49.7
Time,Temperature,Humidity
2020:6:22/12:18:52,32.8,49.6
Time,Temperature,Humidity
2020:6:22/12:18:52,32.8,49.6
Time,Temperature,Humidity
2020:6:22/12:18:52,32.5,49.7
Time,Temperature,Humidity
2020:6:22/12:18:52,32.7,49.6
Time,Temperature,Humidity
2020:6:22/12:18:53,32.7,49.7
Time,Temperature,Humidity
2020:6:22/12:18:53,32.6,49.6
Time,Temperature,Humidity
2020:6:22/12:18:54,32.7,0
Time,Temperature,Humidity
2020:6:22/12:18:54,6.32,49.49
Time,Temperature,Humidity
2020:6:22/12:18:55,7.32,7.49
Time,Temperature,Humidity
2020:6:22/12:18:55,7.32,7.49
Time,Temperature,Humidity
2020:6:22/12:18:56,7.32,3.49
Time,Temperature,Humidity
2020:6:22/12:18:56,7.32,7.49
Time,Temperature,Humidity
2020:6:22/12:18:57,6.32,5.49
Time,Temperature,Humidity
2020:6:22/12:18:57,7.32,7.49
Time,Temperature,Humidity
2020:6:22/12:18:58,6.32,7.49
Time,Temperature,Humidity
2020:6:22/12:18:58,7.32,9.49
Time,Temperature,Humidity
2020:6:22/12:18:59,6.32,7.49
Time,Temperature,Humidity
2020:6:22/12:18:59,7.32,8.49
Time,Temperature,Humidity
2020:6:22/12:19:0,6.32,7.49
Time,Temperature,Humidity
2020:6:22/12:19:0,7.32,8.49
Time,Temperature,Humidity
2020:6:22/12:19:1,7.32,7.49
Time,Temperature,Humidity
2020:6:22/12:19:1,6.32,5.49
Time,Temperature,Humidity
2020:6:22/12:19:2,7.32,8.49
Time,Temperature,Humidity
2020:6:22/12:19:2,6.32,8.49
Time,Temperature,Humidity
2020:6:22/12:19:3,7.32,7.49
Time,Temperature,Humidity
2020:6:22/12:19:3,6.32,6.49
Time,Temperature,Humidity
2020:6:22/12:19:4,7.32,7.49
Time,Temperature,Humidity
2020:6:22/12:19:4,6.32,7.49
Time,Temperature,Humidity
2020:6:22/12:19:5,6.33,8.49
Time,Temperature,Humidity
2020:6:22/12:19:5,6.32,0.49
Time,Temperature,Humidity
2020:6:22/12:19:6,6.32,8.49
Time,Temperature,Humidity
2020:6:22/12:19:6,7.32,7.49
Time,Temperature,Humidity
2020:6:22/12:19:7,6.32,7.49
Time,Temperature,Humidity
2020:6:22/12:19:7,7.32,9.49
Time,Temperature,Humidity
2020:6:22/12:19:8,6.32,6.49
Time,Temperature,Humidity
2020:6:22/12:19:8,7.32,8.49
Time,Temperature,Humidity
2020:6:22/12:19:13,32.6,49.7
Time,Temperature,Humidity
2020:6:22/12:19:14,32.5,49.7
Time,Temperature,Humidity
2020:6:22/12:19:14,32.8,49.6
Time,Temperature,Humidity
2020:6:22/12:19:14,32.7,49.7
Time,Temperature,Humidity
2020:6:22/12:19:15,32.7,49.6
Time,Temperature,Humidity
2020:6:22/12:19:15,32.7,49.6
Time,Temperature,Humidity
2020:6:22/12:19:16,32.9,49.7
Time,Temperature,Humidity
2020:6:22/12:19:16,32.7,49.6
Time,Temperature,Humidity
2020:6:22/12:19:16,32.7,49.7
Time,Temperature,Humidity
2020:6:22/12:19:17,32.8,49.6
Time,Temperature,Humidity
2020:6:22/12:19:17,32.7,49.7
Time,Temperature,Humidity
2020:6:22/12:19:18,32.6,49.7
Time,Temperature,Humidity
2020:6:22/12:19:18,32.9,49.6
Time,Temperature,Humidity
2020:6:22/12:19:19,32.5,49.7
Time,Temperature,Humidity
2020:6:22/12:19:19,32.8,49.6
Time,Temperature,Humidity
2020:6:22/12:19:20,32.5,49.7
Time,Temperature,Humidity
2020:6:22/12:19:20,32.7,49.6
Time,Temperature,Humidity
2020:6:22/12:19:21,32.8,49.7
Time,Temperature,Humidity
2020:6:22/12:19:21,32.6,49.6
Time,Temperature,Humidity
2020:6:22/12:19:22,32.8,49.7
Time,Temperature,Humidity
2020:6:22/12:19:22,32.5,49.7
Time,Temperature,Humidity
2020:6:22/12:19:23,32.5,49.7
Time,Temperature,Humidity
2020:6:22/12:19:23,32.7,49.7
Time,Temperature,Humidity
2020:6:22/12:19:24,32.6,49.6
Time,Temperature,Humidity
2020:6:22/12:19:24,32.6,49.7
Time,Temperature,Humidity
2020:6:22/12:19:25,32.8,49.6
Time,Temperature,Humidity
2020:6:22/12:19:25,32.8,49.6
Time,Temperature,Humidity
2020:6:22/12:19:26,32.8,49.6
Time,Temperature,Humidity
2020:6:22/12:19:26,32.9,49.6
Time,Temperature,Humidity
2020:6:22/12:19:27,32.8,49.6
Time,Temperature,Humidity
2020:6:22/12:19:27,32.8,49.6
Time,Temperature,Humidity
2020:6:22/12:19:28,32.6,49.6
Time,Temperature,Humidity
2020:6:22/12:19:28,32.7,49.6
Time,Temperature,Humidity
2020:6:22/12:19:29,32.7,49.6
Time,Temperature,Humidity
2020:6:22/12:19:29,32.8,49.6
Time,Temperature,Humidity
2020:6:22/12:19:30,32.6,49.7
Time,Temperature,Humidity
2020:6:22/12:19:30,32.8,49.6
Time,Temperature,Humidity
2020:6:22/12:19:31,32.8,49.6
Time,Temperature,Humidity
2020:6:22/12:19:31,32.8,49.5
Time,Temperature,Humidity
2020:6:22/12:19:32,32.8,49.5
Time,Temperature,Humidity
2020:6:22/12:19:32,32.7,49.6
Time,Temperature,Humidity
2020:6:22/12:19:33,32.8,49.5
Time,Temperature,Humidity
2020:6:22/12:19:33,32.7,49.5
Time,Temperature,Humidity
2020:6:22/12:19:34,32.9,49.5
Time,Temperature,Humidity
2020:6:22/12:19:34,32.8,49.5
Time,Temperature,Humidity
2020:6:22/12:19:35,32.8,49.5
Time,Temperature,Humidity
2020:6:22/12:19:35,32.8,49.5
Time,Temperature,Humidity
2020:6:22/12:19:36,32.8,49.5
Time,Temperature,Humidity
2020:6:22/12:19:36,33,49.5
Time,Temperature,Humidity
2020:6:22/12:19:37,32.8,49.5
Time,Temperature,Humidity
2020:6:22/12:19:37,32.8,49.5
Time,Temperature,Humidity
2020:6:22/12:19:38,32.8,49.6
Time,Temperature,Humidity
2020:6:22/12:19:38,32.8,49.5
Time,Temperature,Humidity
2020:6:22/12:19:39,32.7,49.6
Time,Temperature,Humidity
2020:6:22/12:19:39,32.8,49.5
Time,Temperature,Humidity
2020:6:22/12:19:40,32.8,49.6
Time,Temperature,Humidity
2020:6:22/12:19:40,32.8,49.5
Time,Temperature,Humidity
2020:6:22/12:19:41,32.9,49.5
Time,Temperature,Humidity
2020:6:22/12:19:41,32.9,49.5
Time,Temperature,Humidity
2020:6:22/12:19:42,32.7,49.5
Time,Temperature,Humidity
2020:6:22/12:19:42,32.7,49.6
Time,Temperature,Humidity
2020:6:22/12:19:43,32.8,49.5
Time,Temperature,Humidity
2020:6:22/12:19:43,32.7,49.5
Time,Temperature,Humidity
2020:6:22/12:19:44,32.8,49.5
Time,Temperature,Humidity
2020:6:22/12:19:44,32.7,49.5
Time,Temperature,Humidity
2020:6:22/12:19:45,32.8,49.5
Time,Temperature,Humidity
2020:6:22/12:19:45,32.6,49.5
Time,Temperature,Humidity
2020:6:22/12:19:46,32.8,49.5
Time,Temperature,Humidity
2020:6:22/12:19:46,32.8,49.5
Time,Temperature,Humidity
2020:6:22/12:19:47,32.9,49.5
Time,Temperature,Humidity
2020:6:22/12:19:47,32.8,49.5
Time,Temperature,Humidity
2020:6:22/12:19:48,32.8,49.5
Time,Temperature,Humidity
2020:6:22/12:19:48,32.9,49.5
Time,Temperature,Humidity
2020:6:22/12:19:49,32.8,49.5
Time,Temperature,Humidity
2020:6:22/12:19:49,32.8,49.5
Time,Temperature,Humidity
2020:6:22/12:19:50,32.9,49.5
Time,Temperature,Humidity
2020:6:22/12:19:50,32.9,49.5
Time,Temperature,Humidity
2020:6:22/12:19:51,32.9,49.5
Time,Temperature,Humidity
2020:6:22/12:19:51,32.9,49.5
Time,Temperature,Humidity
2020:6:22/12:19:52,32.9,49.5
Time,Temperature,Humidity
2020:6:22/12:19:52,32.8,49.5
Time,Temperature,Humidity
2020:6:22/12:19:53,32.7,49.5
Time,Temperature,Humidity
2020:6:22/12:19:53,32.9,49.4
Time,Temperature,Humidity
2020:6:22/12:19:54,32.8,49.4
Time,Temperature,Humidity
2020:6:22/12:19:54,32.8,49.4
Time,Temperature,Humidity
2020:6:22/12:19:55,32.8,49.4
Time,Temperature,Humidity
2020:6:22/12:19:55,32.9,49.4
Time,Temperature,Humidity
2020:6:22/12:19:56,32.8,49.4
Time,Temperature,Humidity
2020:6:22/12:19:56,32.8,49.4
Time,Temperature,Humidity
2020:6:22/12:19:57,32.9,49.4
Time,Temperature,Humidity
2020:6:22/12:19:57,32.8,49.4
Time,Temperature,Humidity
2020:6:22/12:19:58,32.8,49.4
Time,Temperature,Humidity
2020:6:22/12:19:58,32.7,49.4
Time,Temperature,Humidity
2020:6:22/12:19:59,32.8,49.4
Time,Temperature,Humidity
2020:6:22/12:19:59,32.9,49.4
Time,Temperature,Humidity
2020:6:22/12:20:0,32.8,49.4
Time,Temperature,Humidity
2020:6:22/12:20:0,32.9,49.4
Time,Temperature,Humidity
2020:6:22/12:20:1,32.8,49.4
Time,Temperature,Humidity
2020:6:22/12:20:1,32.8,49.5
Time,Temperature,Humidity
2020:6:22/12:20:2,32.8,49.5
Time,Temperature,Humidity
2020:6:22/12:20:2,32.9,49.5
Time,Temperature,Humidity
2020:6:22/12:20:2,32.9,49.5
Time,Temperature,Humidity
2020:6:22/12:20:3,32.8,49.5
Time,Temperature,Humidity
2020:6:22/12:20:3,32.8,49.5
Time,Temperature,Humidity
2020:6:22/12:20:4,32.8,49.5
Time,Temperature,Humidity
2020:6:22/12:20:4,32.6,49.5
Time,Temperature,Humidity
2020:6:22/12:20:5,33,49.5
Time,Temperature,Humidity
2020:6:22/12:20:5,32.8,49.5
Time,Temperature,Humidity
2020:6:22/12:20:17,32.8,49.4
Time,Temperature,Humidity
2020:6:22/12:20:18,32.8,49.4
Time,Temperature,Humidity
2020:6:22/12:20:18,32.8,49.4
Time,Temperature,Humidity
2020:6:22/12:20:19,33,49.4
Time,Temperature,Humidity
2020:6:22/12:20:19,32.8,49.4
Time,Temperature,Humidity
2020:6:22/12:20:19,32.9,49.4
Time,Temperature,Humidity
2020:6:22/12:20:20,32.8,49.4
Time,Temperature,Humidity
2020:6:22/12:20:20,32.7,49.4
Time,Temperature,Humidity
2020:6:22/12:20:21,32.7,49.4
Time,Temperature,Humidity
2020:6:22/12:20:21,32.9,49.4
Time,Temperature,Humidity
2020:6:22/12:20:22,32.9,49.4
Time,Temperature,Humidity
2020:6:22/12:20:22,32.6,49.4
Time,Temperature,Humidity
2020:6:22/12:20:23,32.9,49.4
Time,Temperature,Humidity
2020:6:22/12:20:23,32.7,49.4
Time,Temperature,Humidity
2020:6:22/12:20:24,32.7,49.4
Time,Temperature,Humidity
2020:6:22/12:20:24,32.8,49.5
Time,Temperature,Humidity
2020:6:22/12:20:25,33,65.1
Time,Temperature,Humidity
2020:6:22/12:20:25,32.9,66.9
Time,Temperature,Humidity
2020:6:22/12:20:26,33.2,64.5
Time,Temperature,Humidity
2020:6:22/12:20:26,33,66.9
Time,Temperature,Humidity
2020:6:22/12:20:27,33.2,67.5
Time,Temperature,Humidity
2020:6:22/12:20:27,33.1,75
Time,Temperature,Humidity
2020:6:22/12:20:27,33.2,68.5
Time,Temperature,Humidity
2020:6:22/12:20:28,33.2,68.5
Time,Temperature,Humidity
2020:6:22/12:20:28,33.2,68.4
Time,Temperature,Humidity
2020:6:22/12:20:29,33.2,68.2
Time,Temperature,Humidity
2020:6:22/12:20:29,33.2,67.9
Time,Temperature,Humidity
2020:6:22/12:20:30,33.2,64.4
Time,Temperature,Humidity
2020:6:22/12:20:30,33.2,64.6
Time,Temperature,Humidity
2020:6:22/12:20:31,33.1,64
Time,Temperature,Humidity
2020:6:22/12:20:31,33.2,64.3
Time,Temperature,Humidity
2020:6:22/12:20:32,33.2,64.2
Time,Temperature,Humidity
2020:6:22/12:20:32,33.2,63.9
Time,Temperature,Humidity
2020:6:22/12:20:32,33,63.2
Time,Temperature,Humidity
2020:6:22/12:20:33,33.3,63.5
Time,Temperature,Humidity
2020:6:22/12:20:33,33.2,63.4
Time,Temperature,Humidity
2020:6:22/12:20:34,33,62.8
Time,Temperature,Humidity
2020:6:22/12:21:59,32.9,49.5
Time,Temperature,Humidity
2020:6:22/12:22:0,33,49.5
Time,Temperature,Humidity
2020:6:22/12:22:0,32.9,49.5
Time,Temperature,Humidity
2020:6:22/12:22:1,32.8,49.5
Time,Temperature,Humidity
2020:6:22/12:22:1,32.8,49.6
Time,Temperature,Humidity
2020:6:22/12:22:2,32.9,49.5
Time,Temperature,Humidity
2020:6:22/12:22:47,32.7,49.6
Time,Temperature,Humidity
2020:6:22/12:22:47,32.7,49.6
Time,Temperature,Humidity
2020:6:22/12:22:47,32.7,49.6
Time,Temperature,Humidity
2020:6:22/12:22:48,32.7,49.6
Time,Temperature,Humidity
2020:6:22/12:22:48,32.8,49.6
Time,Temperature,Humidity
2020:6:22/12:22:49,32.8,49.6
Time,Temperature,Humidity
2020:6:22/12:22:49,32.7,49.6
Time,Temperature,Humidity
2020:6:22/12:22:49,32.7,49.6
Time,Temperature,Humidity
2020:6:22/12:22:50,32.7,49.6
Time,Temperature,Humidity
2020:6:22/12:22:50,32.8,49.5
Time,Temperature,Humidity
2020:6:22/12:22:51,32.7,49.6
Time,Temperature,Humidity
2020:6:22/12:22:51,32.7,49.6
Time,Temperature,Humidity
2020:6:22/12:22:52,33,49.5
Time,Temperature,Humidity
2020:6:22/12:22:52,32.7,49.6
Time,Temperature,Humidity
2020:6:22/12:22:53,32.7,49.5
Time,Temperature,Humidity
2020:6:22/12:22:53,32.8,69.6
Time,Temperature,Humidity
2020:6:22/12:22:54,32.9,69.6
Time,Temperature,Humidity
2020:6:22/12:22:54,32.8,69.7
Time,Temperature,Humidity
2020:6:22/12:22:55,33,73
Time,Temperature,Humidity
2020:6:22/12:22:55,32.9,67.2
Time,Temperature,Humidity
2020:6:22/12:22:56,32.9,67
Time,Temperature,Humidity
2020:6:22/12:22:56,33.2,63.6
Time,Temperature,Humidity
2020:6:22/12:22:56,33.1,63.2
Time,Temperature,Humidity
2020:6:22/12:22:57,33,63.3
Time,Temperature,Humidity
2020:6:22/12:22:57,33,63.2
Time,Temperature,Humidity
2020:6:22/12:22:58,33.1,63.1
Time,Temperature,Humidity
2020:6:22/12:22:58,32.9,63
Time,Temperature,Humidity
2020:6:22/12:22:59,33.1,62.9
Time,Temperature,Humidity
2020:6:22/12:22:59,33,62.6
Time,Temperature,Humidity
2020:6:22/12:23:0,33,62.4
Time,Temperature,Humidity
2020:6:22/12:23:0,32.8,59.3
Time,Temperature,Humidity
2020:6:22/12:23:1,33.1,59.1
Time,Temperature,Humidity
2020:6:22/12:23:1,33,59.2
Time,Temperature,Humidity
2020:6:22/12:23:2,33.1,59.1
Time,Temperature,Humidity
2020:6:22/12:23:2,32.9,59.2
Time,Temperature,Humidity
2020:6:22/12:23:3,33,59.1
Time,Temperature,Humidity
2020:6:22/12:23:3,33.1,59
Time,Temperature,Humidity
2020:6:22/12:23:4,32.7,58.9
Time,Temperature,Humidity
2020:6:22/12:23:4,33.1,58.8
Time,Temperature,Humidity
2020:6:22/12:23:5,33,58.5
Time,Temperature,Humidity
2020:6:22/12:24:40,7.49,8.32
Time,Temperature,Humidity
2020:6:22/12:24:48,8.32,63.49
Time,Temperature,Humidity
2020:6:22/12:24:48,8.32,6.49
Time,Temperature,Humidity
2020:6:22/12:24:49,8.32,5.49
Time,Temperature,Humidity
2020:6:22/12:24:49,8.32,7.49
Time,Temperature,Humidity
2020:6:22/12:24:50,8.32,5.49
Time,Temperature,Humidity
2020:6:22/12:24:50,8.32,7.49
Time,Temperature,Humidity
2020:6:22/12:24:51,8.32,6.49
Time,Temperature,Humidity
2020:6:22/12:24:51,8.32,6.49
Time,Temperature,Humidity
2020:6:22/12:24:52,8.32,6.49
Time,Temperature,Humidity
2020:6:22/12:24:52,8.32,6.49
Time,Temperature,Humidity
2020:6:22/12:24:53,8.32,7.49
Time,Temperature,Humidity
2020:6:22/12:24:53,8.32,7.49
Time,Temperature,Humidity
2020:6:22/12:24:54,8.32,7.49
Time,Temperature,Humidity
2020:6:22/12:24:54,8.32,5.49
Time,Temperature,Humidity
2020:6:22/12:24:55,8.32,4.49
Time,Temperature,Humidity
2020:6:22/12:24:55,8.32,6.49
Time,Temperature,Humidity
2020:6:22/12:24:56,8.32,6.49
Time,Temperature,Humidity
2020:6:22/12:24:56,8.32,7.49
Time,Temperature,Humidity
2020:6:22/12:24:57,8.32,5.49
Time,Temperature,Humidity
2020:6:22/12:24:57,8.32,6.49
Time,Temperature,Humidity
2020:6:22/12:24:58,8.32,7.49
Time,Temperature,Humidity
2020:6:22/12:24:58,8.32,6.49
Time,Temperature,Humidity
2020:6:22/12:24:59,8.32,6.49
Time,Temperature,Humidity
2020:6:22/12:24:59,8.32,7.49
Time,Temperature,Humidity
2020:6:22/12:25:0,8.32,6.49
Time,Temperature,Humidity
2020:6:22/12:25:0,8.32,5.49
Time,Temperature,Humidity
2020:6:22/12:25:1,8.32,6.49
Time,Temperature,Humidity
2020:6:22/12:25:1,8.32,6.49
Time,Temperature,Humidity
2020:6:22/12:25:2,8.32,7.49
Time,Temperature,Humidity
2020:6:22/12:25:2,8.32,7.49
Time,Temperature,Humidity
2020:6:22/12:25:3,8.32,7.49
Time,Temperature,Humidity
2020:6:22/12:25:3,8.32,6.49
Time,Temperature,Humidity
2020:6:22/12:25:4,8.32,7.49
Time,Temperature,Humidity
2020:6:22/12:25:4,8.32,8.49
Time,Temperature,Humidity
2020:6:22/12:25:5,8.32,6.49
Time,Temperature,Humidity
2020:6:22/12:25:5,8.32,7.49
Time,Temperature,Humidity
2020:6:22/12:25:5,8.32,5.49
Time,Temperature,Humidity
2020:6:22/12:25:6,7.32,7.49
Time,Temperature,Humidity
2020:6:22/12:25:6,8.32,7.49
Time,Temperature,Humidity
2020:6:22/12:25:7,7.32,8.49
Time,Temperature,Humidity
2020:6:22/12:25:7,8.32,7.49
Time,Temperature,Humidity
2020:6:22/12:25:7,7.32,7.49
Time,Temperature,Humidity
2020:6:22/12:25:8,7.32,8.49
Time,Temperature,Humidity
2020:6:22/12:25:8,6.32,8.49
Time,Temperature,Humidity
2020:6:22/12:25:8,7.32,8.49
Time,Temperature,Humidity
2020:6:22/12:25:18,32.7,49.5
Time,Temperature,Humidity
2020:6:22/12:25:18,32.8,49.5
Time,Temperature,Humidity
2020:6:22/12:25:19,32.8,49.5
Time,Temperature,Humidity
2020:6:22/12:25:19,32.9,49.5
Time,Temperature,Humidity
2020:6:22/12:25:19,32.8,49.5
Time,Temperature,Humidity
2020:6:22/12:25:20,32.7,49.6
Time,Temperature,Humidity
2020:6:22/12:25:20,32.8,49.5
Time,Temperature,Humidity
2020:6:22/12:25:21,32.8,49.5
Time,Temperature,Humidity
2020:6:22/12:25:39,32.7,49.5
Time,Temperature,Humidity
2020:6:22/12:25:39,32.8,49.4
Time,Temperature,Humidity
2020:6:22/12:25:40,33.2,49.7
Time,Temperature,Humidity
2020:6:22/12:25:40,32.7,49.5
Time,Temperature,Humidity
2020:6:22/12:25:41,32.7,49.4
Time,Temperature,Humidity
2020:6:22/12:25:41,32.8,49.5
Time,Temperature,Humidity
2020:6:22/12:25:42,32.8,49.4
Time,Temperature,Humidity
2020:6:22/12:25:42,32.8,49.5
Time,Temperature,Humidity
2020:6:22/12:25:43,32.7,49.4
Time,Temperature,Humidity
2020:6:22/12:25:43,32.8,49.5
Time,Temperature,Humidity
2020:6:22/12:25:44,32.8,49.4
Time,Temperature,Humidity
2020:6:22/12:25:46,32.7,49.4
Time,Temperature,Humidity
2020:6:22/12:25:46,32.49,49.5
Time,Temperature,Humidity
2020:6:22/12:25:47,7.49,3.32
Time,Temperature,Humidity
2020:6:22/12:25:47,7.49,5.32
Time,Temperature,Humidity
2020:6:22/12:25:48,7.49,5.32
Time,Temperature,Humidity
2020:6:22/12:25:48,9.49,4.32
Time,Temperature,Humidity
2020:6:22/12:25:49,7.49,5.32
Time,Temperature,Humidity
2020:6:22/12:25:49,7.49,4.32
Time,Temperature,Humidity
2020:6:22/12:25:50,8.49,5.32
Time,Temperature,Humidity
2020:6:22/12:25:50,7.49,4.32
Time,Temperature,Humidity
2020:6:22/12:25:51,7.49,5.32
Time,Temperature,Humidity
2020:6:22/12:25:51,7.49,4.32
Time,Temperature,Humidity
2020:6:22/12:25:52,7.49,5.32
Time,Temperature,Humidity
2020:6:22/12:25:52,2.49,5.32
Time,Temperature,Humidity
2020:6:22/12:25:53,1.49,4.33
Time,Temperature,Humidity
2020:6:22/12:25:53,7.49,5.32
Time,Temperature,Humidity
2020:6:22/12:25:53,6.49,4.32
Time,Temperature,Humidity
2020:6:22/12:25:54,8.49,5.32
Time,Temperature,Humidity
2020:6:22/12:25:54,8.49,4.32
Time,Temperature,Humidity
2020:6:22/12:25:54,7.49,3.32
Time,Temperature,Humidity
2020:6:22/12:25:55,7.49,4.32
Time,Temperature,Humidity
2020:6:22/12:25:55,7.49,4.32
Time,Temperature,Humidity
2020:6:22/12:26:6,32.5,49.6
Time,Temperature,Humidity
2020:6:22/12:26:6,32.7,49.6
Time,Temperature,Humidity
2020:6:22/12:26:7,32.6,49.6
Time,Temperature,Humidity
2020:6:22/12:26:7,32.7,49.6
Time,Temperature,Humidity
2020:6:22/12:26:8,32.7,49.6
Time,Temperature,Humidity
2020:6:22/12:26:8,32.4,49.6
Time,Temperature,Humidity
2020:6:22/12:26:9,32.9,49.7
Time,Temperature,Humidity
2020:6:22/12:26:9,32.7,49.7
Time,Temperature,Humidity
2020:6:22/12:26:10,32.6,49.7
Time,Temperature,Humidity
2020:6:22/12:26:10,32.7,49.7
Time,Temperature,Humidity
2020:6:22/12:26:11,32.7,49.7
Time,Temperature,Humidity
2020:6:22/12:26:11,32.7,49.7
Time,Temperature,Humidity
2020:6:22/12:26:12,32.7,49.7
Time,Temperature,Humidity
2020:6:22/12:26:12,7.32,49.49
Time,Temperature,Humidity
2020:6:22/12:26:13,6.32,6.49
Time,Temperature,Humidity
2020:6:22/12:26:13,6.32,7.49
Time,Temperature,Humidity
2020:6:22/12:26:14,6.32,7.49
Time,Temperature,Humidity
2020:6:22/12:26:14,6.32,7.49
Time,Temperature,Humidity
2020:6:22/12:26:15,7.32,7.49
Time,Temperature,Humidity
2020:6:22/12:26:15,6.32,6.49
Time,Temperature,Humidity
2020:6:22/12:26:16,6.32,7.49
Time,Temperature,Humidity
2020:6:22/12:26:16,6.32,8.49
Time,Temperature,Humidity
2020:6:22/12:26:17,6.32,9.49
Time,Temperature,Humidity
2020:6:22/12:26:17,6.32,7.49
Time,Temperature,Humidity
2020:6:22/12:26:18,6.32,7.49
Time,Temperature,Humidity
2020:6:22/12:26:18,7.32,6.49
Time,Temperature,Humidity
2020:6:22/12:26:19,6.32,5.49
Time,Temperature,Humidity
2020:6:22/12:26:19,7.32,7.49
Time,Temperature,Humidity
2020:6:22/12:26:20,6.32,6.49
Time,Temperature,Humidity
2020:6:22/12:26:20,7.32,8.49
Time,Temperature,Humidity
2020:6:22/12:26:21,6.32,6.49
Time,Temperature,Humidity
2020:6:22/12:26:21,7.32,6.49
Time,Temperature,Humidity
2020:6:22/12:26:22,6.32,7.49
Time,Temperature,Humidity
2020:6:22/12:26:22,6.32,8.49
Time,Temperature,Humidity
2020:6:22/12:26:23,7.32,8.49
Time,Temperature,Humidity
2020:6:22/12:26:23,6.32,5.49
Time,Temperature,Humidity
2020:6:22/12:26:23,7.32,7.49
Time,Temperature,Humidity
2020:6:22/12:26:24,7.32,6.49
Time,Temperature,Humidity
2020:6:22/12:26:24,6.32,7.49
Time,Temperature,Humidity
2020:6:22/12:26:25,7.32,8.49
Time,Temperature,Humidity
2020:6:22/12:26:25,6.32,6.49
Time,Temperature,Humidity
2020:6:22/12:26:26,7.32,7.49
Time,Temperature,Humidity
2020:6:22/12:26:26,6.32,7.49
Time,Temperature,Humidity
2020:6:22/12:26:27,6.32,7.49
Time,Temperature,Humidity
2020:6:22/12:26:27,7.32,7.49
Time,Temperature,Humidity
2020:6:22/12:26:28,6.32,4.49
Time,Temperature,Humidity
2020:6:22/12:26:42,32.7,49.7
Time,Temperature,Humidity
2020:6:22/12:26:43,32.8,49.6
Time,Temperature,Humidity
2020:6:22/12:26:43,32.7,49.7
Time,Temperature,Humidity
2020:6:22/12:26:44,32.7,49.6
Time,Temperature,Humidity
2020:6:22/12:26:44,32.7,49.7
Time,Temperature,Humidity
2020:6:22/12:26:44,32.8,49.6
Time,Temperature,Humidity
2020:6:22/12:26:45,32.7,49.7
Time,Temperature,Humidity
2020:6:22/12:26:45,32.6,49.7
Time,Temperature,Humidity
2020:6:22/12:26:46,32.7,49.7
Time,Temperature,Humidity
2020:6:22/12:26:46,32.5,49.7
Time,Temperature,Humidity
2020:6:22/12:26:47,32.7,49.6
Time,Temperature,Humidity
2020:6:22/12:26:49,32.49,49.7
Time,Temperature,Humidity
2020:6:22/12:26:50,7.49,6.32
Time,Temperature,Humidity
2020:6:22/12:26:50,6.49,7.32
Time,Temperature,Humidity
2020:6:22/12:26:51,5.49,7.32
Time,Temperature,Humidity
2020:6:22/12:26:51,7.49,7.32
Time,Temperature,Humidity
2020:6:22/12:26:52,6.49,7.32
Time,Temperature,Humidity
2020:6:22/12:26:52,6.49,7.32
Time,Temperature,Humidity
2020:6:22/12:26:53,6.49,7.32
Time,Temperature,Humidity
2020:6:22/12:26:53,6.49,7.32
Time,Temperature,Humidity
2020:6:22/12:26:54,5.49,7.32
Time,Temperature,Humidity
2020:6:22/12:26:54,7.49,7.32
Time,Temperature,Humidity
2020:6:22/12:26:55,5.49,7.32
Time,Temperature,Humidity
2020:6:22/12:26:55,6.49,7.32
Time,Temperature,Humidity
2020:6:22/12:26:56,6.49,7.32
Time,Temperature,Humidity
2020:6:22/12:26:56,7.49,7.32
Time,Temperature,Humidity
2020:6:22/12:26:56,6.49,7.32
Time,Temperature,Humidity
2020:6:22/12:26:57,7.49,7.32
Time,Temperature,Humidity
2020:6:22/12:26:57,7.49,7.32
Time,Temperature,Humidity
2020:6:22/12:26:58,7.49,7.32
Time,Temperature,Humidity
2020:6:22/12:26:58,7.49,7.32
Time,Temperature,Humidity
2020:6:22/12:26:59,6.49,7.32
Time,Temperature,Humidity
2020:6:22/12:26:59,3.49,7.32
Time,Temperature,Humidity
2020:6:22/12:27:0,6.49,7.32
Time,Temperature,Humidity
2020:6:22/12:27:0,5.49,7.32
Time,Temperature,Humidity
2020:6:22/12:27:1,6.49,7.32
Time,Temperature,Humidity
2020:6:22/12:27:1,7.49,7.32
Time,Temperature,Humidity
2020:6:22/12:27:2,7.49,7.32
Time,Temperature,Humidity
2020:6:22/12:27:2,7.49,7.32
Time,Temperature,Humidity
2020:6:22/12:27:3,7.49,7.32
Time,Temperature,Humidity
2020:6:22/12:27:3,7.49,7.32
Time,Temperature,Humidity
2020:6:22/12:27:4,6.49,7.32
Time,Temperature,Humidity
2020:6:22/12:27:4,7.49,7.32
Time,Temperature,Humidity
2020:6:22/12:27:5,4.49,7.32
Time,Temperature,Humidity
2020:6:22/12:27:5,7.49,7.32
Time,Temperature,Humidity
2020:6:22/12:27:6,7.49,7.32
Time,Temperature,Humidity
2020:6:22/12:27:6,7.49,7.32
Time,Temperature,Humidity
2020:6:22/12:27:7,7.49,7.32
Time,Temperature,Humidity
2020:6:22/12:27:7,7.49,7.32
Time,Temperature,Humidity
2020:6:22/12:27:8,6.49,7.32
Time,Temperature,Humidity
2020:6:22/12:27:8,7.49,7.32
Time,Temperature,Humidity
2020:6:22/12:27:9,8.49,7.32
Time,Temperature,Humidity
2020:6:22/12:27:9,6.49,7.32
Time,Temperature,Humidity
2020:6:22/12:27:10,6.49,7.32
Time,Temperature,Humidity
2020:6:22/12:27:10,5.49,7.32
Time,Temperature,Humidity
2020:6:22/12:27:11,6.49,7.32
Time,Temperature,Humidity
2020:6:22/12:27:11,6.49,7.32
Time,Temperature,Humidity
2020:6:22/12:27:12,7.49,7.32
Time,Temperature,Humidity
2020:6:22/12:27:12,7.49,7.32
Time,Temperature,Humidity
2020:6:22/12:27:13,6.49,7.32
Time,Temperature,Humidity
2020:6:22/12:27:13,5.49,7.32
Time,Temperature,Humidity
2020:6:22/12:27:14,7.49,7.32
Time,Temperature,Humidity
2020:6:22/12:27:14,7.49,7.32
Time,Temperature,Humidity
2020:6:22/12:27:15,7.49,7.32
Time,Temperature,Humidity
2020:6:22/12:27:15,6.49,7.32
Time,Temperature,Humidity
2020:6:22/12:27:16,6.49,7.32
Time,Temperature,Humidity
2020:6:22/12:27:16,7.49,7.32
Time,Temperature,Humidity
2020:6:22/12:27:17,6.49,7.32
Time,Temperature,Humidity
2020:6:22/12:27:17,7.49,7.32
Time,Temperature,Humidity
2020:6:22/12:27:18,6.49,7.32
Time,Temperature,Humidity
2020:6:22/12:27:18,7.49,7.32
Time,Temperature,Humidity
2020:6:22/12:27:19,6.49,7.32
Time,Temperature,Humidity
2020:6:22/12:27:19,7.49,6.32
Time,Temperature,Humidity
2020:6:22/12:27:20,6.49,6.32
Time,Temperature,Humidity
2020:6:22/12:27:20,6.49,6.32
Time,Temperature,Humidity
2020:6:22/12:27:21,7.49,6.32
Time,Temperature,Humidity
2020:6:22/12:27:21,7.49,6.32
Time,Temperature,Humidity
2020:6:22/12:27:22,6.49,6.32
Time,Temperature,Humidity
2020:6:22/12:27:22,8.49,6.32
Time,Temperature,Humidity
2020:6:22/12:27:23,7.49,6.32
Time,Temperature,Humidity
2020:6:22/12:27:23,6.49,6.32
Time,Temperature,Humidity
2020:6:22/12:27:24,5.49,6.32
Time,Temperature,Humidity
2020:6:22/12:27:24,7.49,6.32
Time,Temperature,Humidity
2020:6:22/12:27:25,7.49,6.32
Time,Temperature,Humidity
2020:6:22/12:27:25,7.49,6.32
Time,Temperature,Humidity
2020:6:22/12:27:26,6.49,7.32
Time,Temperature,Humidity
2020:6:22/12:27:26,7.49,7.32
Time,Temperature,Humidity
2020:6:22/12:27:27,7.49,7.32
Time,Temperature,Humidity
2020:6:22/12:27:27,7.49,7.32
Time,Temperature,Humidity
2020:6:22/12:27:28,8.49,7.32
Time,Temperature,Humidity
2020:6:22/12:27:28,6.49,7.32
Time,Temperature,Humidity
2020:6:22/12:27:29,6.49,7.32
Time,Temperature,Humidity
2020:6:22/12:27:29,7.49,7.32
Time,Temperature,Humidity
2020:6:22/12:27:30,7.49,7.32
Time,Temperature,Humidity
2020:6:22/12:27:30,7.49,7.32
Time,Temperature,Humidity
2020:6:22/12:27:31,7.49,7.32
Time,Temperature,Humidity
2020:6:22/12:27:31,6.49,7.32
Time,Temperature,Humidity
2020:6:22/12:27:32,8.49,7.32
Time,Temperature,Humidity
2020:6:22/12:27:32,0.49,7.33
Time,Temperature,Humidity
2020:6:22/12:27:33,7.49,7.32
Time,Temperature,Humidity
2020:6:22/12:27:33,7.49,7.32
Time,Temperature,Humidity
2020:6:22/12:27:33,6.49,7.32
Time,Temperature,Humidity
2020:6:22/12:27:34,7.49,7.32
Time,Temperature,Humidity
2020:6:22/12:27:34,5.49,7.32
Time,Temperature,Humidity
2020:6:22/12:27:35,7.49,7.32
Time,Temperature,Humidity
2020:6:22/12:27:35,7.49,7.32
Time,Temperature,Humidity
2020:6:22/12:27:36,7.49,7.32
Time,Temperature,Humidity
2020:6:22/12:27:36,7.49,7.32
Time,Temperature,Humidity
2020:6:22/12:27:37,8.49,7.32
Time,Temperature,Humidity
2020:6:22/12:27:37,8.49,7.32
Time,Temperature,Humidity
2020:6:22/12:27:38,8.49,7.32
Time,Temperature,Humidity
2020:6:22/12:27:38,7.49,7.32
Time,Temperature,Humidity
2020:6:22/12:27:39,7.49,7.32
Time,Temperature,Humidity
2020:6:22/12:27:39,7.49,7.32
Time,Temperature,Humidity
2020:6:22/12:27:40,7.49,7.32
Time,Temperature,Humidity
2020:6:22/12:27:40,7.49,7.32
Time,Temperature,Humidity
2020:6:22/12:27:41,7.49,7.32
Time,Temperature,Humidity
2020:6:22/12:27:41,5.49,7.32
Time,Temperature,Humidity
2020:6:22/12:27:42,6.49,7.32
Time,Temperature,Humidity
2020:6:22/12:27:42,6.49,7.32
Time,Temperature,Humidity
2020:6:22/12:27:43,7.49,7.32
Time,Temperature,Humidity
2020:6:22/12:27:43,7.49,7.32
Time,Temperature,Humidity
2020:6:22/12:27:44,7.49,7.32
Time,Temperature,Humidity
2020:6:22/12:27:44,7.49,7.32
Time,Temperature,Humidity
2020:6:22/12:27:45,7.49,7.32
Time,Temperature,Humidity
2020:6:22/12:27:45,7.49,7.32
Time,Temperature,Humidity
2020:6:22/12:27:46,7.49,7.32
Time,Temperature,Humidity
2020:6:22/12:27:46,7.49,7.32
Time,Temperature,Humidity
2020:6:22/12:27:47,5.49,7.32
Time,Temperature,Humidity
2020:6:22/12:27:47,7.49,7.32
Time,Temperature,Humidity
2020:6:22/12:27:48,7.49,6.32
Time,Temperature,Humidity
2020:6:22/12:27:48,7.49,6.32
Time,Temperature,Humidity
2020:6:22/12:27:49,7.49,6.32
Time,Temperature,Humidity
2020:6:22/12:27:49,7.49,6.32
Time,Temperature,Humidity
2020:6:22/12:27:50,7.49,6.32
Time,Temperature,Humidity
2020:6:22/12:27:50,7.49,6.32
Time,Temperature,Humidity
2020:6:22/12:27:51,9.49,6.32
Time,Temperature,Humidity
2020:6:22/12:27:51,5.49,6.32
Time,Temperature,Humidity
2020:6:22/12:27:52,7.49,6.32
Time,Temperature,Humidity
2020:6:22/12:27:52,7.49,6.32
Time,Temperature,Humidity
2020:6:22/12:27:53,7.49,6.32
Time,Temperature,Humidity
2020:6:22/12:27:53,7.49,6.32
Time,Temperature,Humidity
2020:6:22/12:27:54,7.49,6.32
Time,Temperature,Humidity
2020:6:22/12:27:54,7.49,6.32
Time,Temperature,Humidity
2020:6:22/12:27:55,7.49,6.32
Time,Temperature,Humidity
2020:6:22/12:27:55,7.49,6.32
Time,Temperature,Humidity
2020:6:22/12:27:56,6.49,6.32
Time,Temperature,Humidity
2020:6:22/12:27:56,8.49,6.32
Time,Temperature,Humidity
2020:6:22/12:27:57,7.49,6.32
Time,Temperature,Humidity
2020:6:22/12:27:57,7.49,6.32
Time,Temperature,Humidity
2020:6:22/12:27:58,8.49,6.32
Time,Temperature,Humidity
2020:6:22/12:27:58,8.49,6.32
Time,Temperature,Humidity
2020:6:22/12:27:59,8.49,6.32
Time,Temperature,Humidity
2020:6:22/12:27:59,7.49,6.32
Time,Temperature,Humidity
2020:6:22/12:28:0,8.49,7.32
Time,Temperature,Humidity
2020:6:22/12:28:0,7.49,7.32
Time,Temperature,Humidity
2020:6:22/12:28:1,0.49,7.33
Time,Temperature,Humidity
2020:6:22/12:28:1,7.49,7.32
Time,Temperature,Humidity
2020:6:22/12:28:2,7.49,7.32
Time,Temperature,Humidity
2020:6:22/12:28:2,7.49,7.32
Time,Temperature,Humidity
2020:6:22/12:28:3,7.49,7.32
Time,Temperature,Humidity
2020:6:22/12:28:3,8.49,7.32
Time,Temperature,Humidity
2020:6:22/12:28:4,7.49,7.32
Time,Temperature,Humidity
2020:6:22/12:28:4,7.49,7.32
Time,Temperature,Humidity
2020:6:22/12:28:5,5.49,7.32
Time,Temperature,Humidity
2020:6:22/12:28:5,7.49,7.32
Time,Temperature,Humidity
2020:6:22/12:28:6,7.49,7.32
Time,Temperature,Humidity
2020:6:22/12:28:6,7.49,7.32
Time,Temperature,Humidity
2020:6:22/12:28:7,8.49,7.32
Time,Temperature,Humidity
2020:6:22/12:28:7,7.49,7.32
Time,Temperature,Humidity
2020:6:22/12:28:8,7.49,7.32
Time,Temperature,Humidity
2020:6:22/12:28:8,7.49,7.32
Time,Temperature,Humidity
2020:6:22/12:28:9,7.49,7.32
Time,Temperature,Humidity
2020:6:22/12:28:9,7.49,7.32
Time,Temperature,Humidity
2020:6:22/12:28:10,7.49,7.32
Time,Temperature,Humidity
2020:6:22/12:28:10,5.49,7.32
Time,Temperature,Humidity
2020:6:22/12:28:11,7.49,7.32
Time,Temperature,Humidity
2020:6:22/12:28:11,7.49,7.32
Time,Temperature,Humidity
2020:6:22/12:28:11,7.49,7.32
Time,Temperature,Humidity
2020:6:22/12:28:12,8.49,7.32
Time,Temperature,Humidity
2020:6:22/12:28:12,7.49,7.32
Time,Temperature,Humidity
2020:6:22/12:28:13,8.49,7.32
Time,Temperature,Humidity
2020:6:22/12:28:13,9.49,6.32
Time,Temperature,Humidity
2020:6:22/12:28:14,7.49,7.32
Time,Temperature,Humidity
2020:6:22/12:28:14,6.49,7.32
Time,Temperature,Humidity
2020:6:22/12:28:15,8.49,7.32
Time,Temperature,Humidity
2020:6:22/12:28:15,7.49,7.32
Time,Temperature,Humidity
2020:6:22/12:28:16,7.49,6.32
Time,Temperature,Humidity
2020:6:22/12:28:16,8.49,7.32
Time,Temperature,Humidity
2020:6:22/12:28:17,9.49,6.32
Time,Temperature,Humidity
2020:6:22/12:28:17,8.49,7.32
Time,Temperature,Humidity
2020:6:22/12:28:18,8.49,6.32
Time,Temperature,Humidity
2020:6:22/12:28:18,8.49,7.32
Time,Temperature,Humidity
2020:6:22/12:28:19,8.49,7.32
Time,Temperature,Humidity
2020:6:22/12:28:19,0.49,6.33
Time,Temperature,Humidity
2020:6:22/12:28:20,8.49,7.32
Time,Temperature,Humidity
2020:6:22/12:28:20,9.49,6.32
Time,Temperature,Humidity
2020:6:22/12:28:21,7.49,7.32
Time,Temperature,Humidity
2020:6:22/12:28:21,7.49,6.32
Time,Temperature,Humidity
2020:6:22/12:28:22,8.49,7.32
Time,Temperature,Humidity
2020:6:22/12:28:22,7.49,6.32
Time,Temperature,Humidity
2020:6:22/12:28:23,9.49,7.32
Time,Temperature,Humidity
2020:6:22/12:28:23,6.49,7.32
Time,Temperature,Humidity
2020:6:22/12:28:24,1.49,6.33
Time,Temperature,Humidity
2020:6:22/12:28:24,7.49,7.32
Time,Temperature,Humidity
2020:6:22/12:28:25,8.49,7.32
Time,Temperature,Humidity
2020:6:22/12:28:25,7.49,7.32
Time,Temperature,Humidity
2020:6:22/12:28:26,9.49,6.32
Time,Temperature,Humidity
2020:6:22/12:28:26,8.49,7.32
Time,Temperature,Humidity
2020:6:22/12:28:27,9.49,6.32
Time,Temperature,Humidity
2020:6:22/12:28:27,7.49,6.32
Time,Temperature,Humidity
2020:6:22/12:28:28,5.49,6.32
Time,Temperature,Humidity
2020:6:22/12:28:28,7.49,6.32
Time,Temperature,Humidity
2020:6:22/12:28:29,7.49,6.32
Time,Temperature,Humidity
2020:6:22/12:28:29,7.49,6.32
Time,Temperature,Humidity
2020:6:22/12:28:30,7.49,6.32
Time,Temperature,Humidity
2020:6:22/12:28:30,8.49,6.32
Time,Temperature,Humidity
2020:6:22/12:28:31,7.49,6.32
Time,Temperature,Humidity
2020:6:22/12:28:31,8.49,6.32
Time,Temperature,Humidity
2020:6:22/12:28:32,8.49,6.32
Time,Temperature,Humidity
2020:6:22/12:28:32,9.49,6.32
Time,Temperature,Humidity
2020:6:22/12:28:33,8.49,6.32
Time,Temperature,Humidity
2020:6:22/12:28:33,6.49,6.32
Time,Temperature,Humidity
2020:6:22/12:28:34,8.49,6.32
Time,Temperature,Humidity
2020:6:22/12:28:34,8.49,6.32
Time,Temperature,Humidity
2020:6:22/12:28:35,9.49,6.32
Time,Temperature,Humidity
2020:6:22/12:28:35,8.49,6.32
Time,Temperature,Humidity
2020:6:22/12:28:36,9.49,6.32
Time,Temperature,Humidity
2020:6:22/12:28:36,8.49,6.32
Time,Temperature,Humidity
2020:6:22/12:28:37,9.49,6.32
Time,Temperature,Humidity
2020:6:22/12:28:37,0.49,6.33
Time,Temperature,Humidity
2020:6:22/12:28:38,9.49,6.32
Time,Temperature,Humidity
2020:6:22/12:28:38,8.49,6.32
Time,Temperature,Humidity
2020:6:22/12:28:39,8.49,6.32
Time,Temperature,Humidity
2020:6:22/12:28:39,8.49,6.32
Time,Temperature,Humidity
2020:6:22/12:28:40,9.49,6.32
Time,Temperature,Humidity
2020:6:22/12:28:40,8.49,6.32
Time,Temperature,Humidity
2020:6:22/12:28:41,8.49,6.32
Time,Temperature,Humidity
2020:6:22/12:28:41,9.49,6.32
Time,Temperature,Humidity
2020:6:22/12:28:42,8.49,6.32
Time,Temperature,Humidity
2020:6:22/12:28:42,7.49,6.32
Time,Temperature,Humidity
2020:6:22/12:28:43,0.49,6.33
Time,Temperature,Humidity
2020:6:22/12:28:43,8.49,6.32
Time,Temperature,Humidity
2020:6:22/12:28:44,9.49,6.32
Time,Temperature,Humidity
2020:6:22/12:28:44,8.49,5.32
Time,Temperature,Humidity
2020:6:22/12:28:45,9.49,5.32
Time,Temperature,Humidity
2020:6:22/12:28:45,8.49,5.32
Time,Temperature,Humidity
2020:6:22/12:28:46,8.49,5.32
Time,Temperature,Humidity
2020:6:22/12:28:46,9.49,5.32
Time,Temperature,Humidity
2020:6:22/12:28:47,6.49,5.32
Time,Temperature,Humidity
2020:6:22/12:28:47,1.49,5.33
Time,Temperature,Humidity
2020:6:22/12:28:48,9.49,5.32
Time,Temperature,Humidity
2020:6:22/12:28:48,9.49,5.32
Time,Temperature,Humidity
2020:6:22/12:28:49,9.49,5.32
Time,Temperature,Humidity
2020:6:22/12:28:49,9.49,5.32
Time,Temperature,Humidity
2020:6:22/12:28:49,8.49,5.32
Time,Temperature,Humidity
2020:6:22/12:28:50,8.49,5.32
Time,Temperature,Humidity
2020:6:22/12:28:50,8.49,5.32
Time,Temperature,Humidity
2020:6:22/12:28:51,6.49,5.32
Time,Temperature,Humidity
2020:6:22/12:28:51,8.49,5.32
Time,Temperature,Humidity
2020:6:22/12:28:52,8.49,5.32
Time,Temperature,Humidity
2020:6:22/12:28:52,8.49,5.32
Time,Temperature,Humidity
2020:6:22/12:28:53,8.49,5.32
Time,Temperature,Humidity
2020:6:22/12:28:53,9.49,5.33
Time,Temperature,Humidity
2020:6:22/12:28:54,7.49,5.32
Time,Temperature,Humidity
2020:6:22/12:30:46,32.7,49.8
Time,Temperature,Humidity
2020:6:22/12:30:46,32.5,49.8
Time,Temperature,Humidity
2020:6:22/12:30:47,32.6,49.8
Time,Temperature,Humidity
2020:6:22/12:30:47,32.9,49.8
Time,Temperature,Humidity
2020:6:22/12:30:48,32.6,49.8
Time,Temperature,Humidity
2020:6:22/12:30:48,32.6,49.8
Time,Temperature,Humidity
2020:6:22/12:30:49,32.6,49.8
Time,Temperature,Humidity
2020:6:22/12:30:49,32.6,49.8
Time,Temperature,Humidity
2020:6:22/12:30:49,32.7,49.7
Time,Temperature,Humidity
2020:6:22/12:30:50,32.7,49.6
Time,Temperature,Humidity
2020:6:22/12:30:50,32.6,49.6
Time,Temperature,Humidity
2020:6:22/12:30:51,32.6,49.7
Time,Temperature,Humidity
2020:6:22/12:30:51,32.6,49.6
Time,Temperature,Humidity
2020:6:22/12:30:52,32.5,49.6
Time,Temperature,Humidity
2020:6:22/12:30:52,32.4,49.7
Time,Temperature,Humidity
2020:6:22/12:30:53,32.7,49.6
Time,Temperature,Humidity
2020:6:22/12:30:53,32.5,49.7
Time,Temperature,Humidity
2020:6:22/12:30:54,32.7,49.6
Time,Temperature,Humidity
2020:6:22/12:30:54,32.7,49.7
Time,Temperature,Humidity
2020:6:22/12:30:54,32.5,49.7
Time,Temperature,Humidity
2020:6:22/12:30:55,32.6,49.6
Time,Temperature,Humidity
2020:6:22/12:30:55,32.7,49.7
Time,Temperature,Humidity
2020:6:22/12:30:56,32.6,49.6
Time,Temperature,Humidity
2020:6:22/12:30:56,32.6,49.6
Time,Temperature,Humidity
2020:6:22/12:30:57,32.7,49.7
Time,Temperature,Humidity
2020:6:22/12:30:57,32.6,49.6
Time,Temperature,Humidity
2020:6:22/12:30:57,32.6,49.7
Time,Temperature,Humidity
2020:6:22/12:30:58,32.6,49.7
Time,Temperature,Humidity
2020:6:22/12:30:58,32.7,49.6
Time,Temperature,Humidity
2020:6:22/12:30:59,32.7,49.7
Time,Temperature,Humidity
2020:6:22/12:30:59,32.6,49.6
Time,Temperature,Humidity
2020:6:22/12:31:0,32.6,49.7
Time,Temperature,Humidity
2020:6:22/12:31:0,32.4,49.7
Time,Temperature,Humidity
2020:6:22/12:31:1,32.5,49.7
Time,Temperature,Humidity
2020:6:22/12:31:1,32.7,49.7
Time,Temperature,Humidity
2020:6:22/12:31:2,32.6,49.6
Time,Temperature,Humidity
2020:6:22/12:31:2,32.4,49.7
Time,Temperature,Humidity
2020:6:22/12:31:3,32.7,49.6
Time,Temperature,Humidity
2020:6:22/12:31:3,32.6,49.7
Time,Temperature,Humidity
2020:6:22/12:31:4,32.6,49.6
Time,Temperature,Humidity
2020:6:22/12:31:4,32.5,49.7
Time,Temperature,Humidity
2020:6:22/12:31:4,32.7,49.7
Time,Temperature,Humidity
2020:6:22/12:31:5,32.6,49.7
Time,Temperature,Humidity
2020:6:22/12:31:5,32.9,49.6
Time,Temperature,Humidity
2020:6:22/12:31:6,32.7,49.7
Time,Temperature,Humidity
2020:6:22/12:31:6,32.7,49.6
Time,Temperature,Humidity
2020:6:22/12:31:7,32.6,49.7
Time,Temperature,Humidity
2020:6:22/12:31:7,32.6,49.6
Time,Temperature,Humidity
2020:6:22/12:31:8,32.7,49.7
Time,Temperature,Humidity
2020:6:22/12:31:8,32.7,49.6
Time,Temperature,Humidity
2020:6:22/12:31:9,32.6,49.7
Time,Temperature,Humidity
2020:6:22/12:31:9,32.4,49.7
Time,Temperature,Humidity
2020:6:22/12:31:28,32.9,49.7
Time,Temperature,Humidity
2020:6:22/12:31:29,32.7,49.7
Time,Temperature,Humidity
2020:6:22/12:31:29,32.6,49.7
Time,Temperature,Humidity
2020:6:22/12:31:30,32.5,49.7
Time,Temperature,Humidity
2020:6:22/12:31:30,32.7,49.7
Time,Temperature,Humidity
2020:6:22/12:31:31,32.7,49.7
Time,Temperature,Humidity
2020:6:22/12:31:31,32.6,49.7
Time,Temperature,Humidity
2020:6:22/12:31:32,32.7,49.7
Time,Temperature,Humidity
2020:6:22/12:31:32,32.7,49.7
Time,Temperature,Humidity
2020:6:22/12:31:32,32.6,49.7
Time,Temperature,Humidity
2020:6:22/12:31:33,32.6,49.8
Time,Temperature,Humidity
2020:6:22/12:31:33,32.7,49.8
Time,Temperature,Humidity
2020:6:22/12:31:34,32.7,49.8
Time,Temperature,Humidity
2020:6:22/12:31:34,32.7,49.8
Time,Temperature,Humidity
2020:6:22/12:31:35,32.6,49.8
Time,Temperature,Humidity
2020:6:22/12:31:35,32.6,49.8
Time,Temperature,Humidity
2020:6:22/12:31:36,32.6,49.8
Time,Temperature,Humidity
2020:6:22/12:31:36,32.6,49.8
Time,Temperature,Humidity
2020:6:22/12:31:37,32.6,49.8
Time,Temperature,Humidity
2020:6:22/12:31:37,32.5,49.8
Time,Temperature,Humidity
2020:6:22/12:31:38,32.7,49.8
Time,Temperature,Humidity
2020:6:22/12:31:38,32.5,49.8
Time,Temperature,Humidity
2020:6:22/12:31:39,32.7,49.8
Time,Temperature,Humidity
2020:6:22/12:31:39,32.5,49.8
Time,Temperature,Humidity
2020:6:22/12:31:40,32.7,49.8
Time,Temperature,Humidity
2020:6:22/12:31:40,32.5,49.8
Time,Temperature,Humidity
2020:6:22/12:31:41,32.6,49.8
Time,Temperature,Humidity
2020:6:22/12:31:41,32.3,49.8
Time,Temperature,Humidity
2020:6:22/12:31:42,32.7,49.8
Time,Temperature,Humidity
2020:6:22/12:31:42,32.5,49.8
Time,Temperature,Humidity
2020:6:22/12:31:43,32.6,49.8
Time,Temperature,Humidity
2020:6:22/12:31:43,32.7,49.7
Time,Temperature,Humidity
2020:6:22/12:31:44,32.7,49.7
Time,Temperature,Humidity
2020:6:22/12:31:44,32.6,49.7
Time,Temperature,Humidity
2020:6:22/12:31:45,32.6,49.7
Time,Temperature,Humidity
2020:6:22/12:31:45,32.7,49.7
Time,Temperature,Humidity
2020:6:22/12:31:45,32.7,49.7
Time,Temperature,Humidity
2020:6:22/12:31:46,32.6,49.7
Time,Temperature,Humidity
2020:6:22/12:31:46,32.4,49.7
Time,Temperature,Humidity
2020:6:22/12:31:47,32.6,49.7
Time,Temperature,Humidity
2020:6:22/12:31:47,32.7,49.7
Time,Temperature,Humidity
2020:6:22/12:31:48,32.6,49.7
Time,Temperature,Humidity
2020:6:22/12:31:48,32.6,49.7
Time,Temperature,Humidity
2020:6:22/12:31:49,32.6,49.7
Time,Temperature,Humidity
2020:6:22/12:31:49,32.5,49.7
Time,Temperature,Humidity
2020:6:22/12:31:50,32.6,49.7
Time,Temperature,Humidity
2020:6:22/12:31:50,32.9,49.7
Time,Temperature,Humidity
2020:6:22/12:31:51,32.6,49.7
Time,Temperature,Humidity
2020:6:22/12:31:51,32.5,49.7
Time,Temperature,Humidity
2020:6:22/12:31:52,32.7,49.7
Time,Temperature,Humidity
2020:6:22/12:31:52,32.5,49.7
Time,Temperature,Humidity
2020:6:22/12:31:53,32.7,49.7
Time,Temperature,Humidity
2020:6:22/12:31:53,32.5,49.7
Time,Temperature,Humidity
2020:6:22/12:31:54,32.7,49.7
Time,Temperature,Humidity
2020:6:22/12:31:54,32.6,57.6
Time,Temperature,Humidity
2020:6:22/12:31:55,32.5,57.8
Time,Temperature,Humidity
2020:6:22/12:31:55,32.7,65.6
Time,Temperature,Humidity
2020:6:22/12:31:56,32.9,60.4
Time,Temperature,Humidity
2020:6:22/12:31:56,32.6,60.3
Time,Temperature,Humidity
2020:6:22/12:31:57,32.7,62.7
Time,Temperature,Humidity
2020:6:22/12:31:57,32.7,59.4
Time,Temperature,Humidity
2020:6:22/12:31:58,32.7,59.2
Time,Temperature,Humidity
2020:6:22/12:31:58,32.8,59.1
Time,Temperature,Humidity
2020:6:22/12:31:59,32.7,58.9
Time,Temperature,Humidity
2020:6:22/12:31:59,32.9,58.8
Time,Temperature,Humidity
2020:6:22/12:32:0,32.5,58.5
Time,Temperature,Humidity
2020:6:22/12:32:0,33,58.3
Time,Temperature,Humidity
2020:6:22/12:32:1,32.8,58.1
Time,Temperature,Humidity
2020:6:22/12:32:1,32.7,57.8
Time,Temperature,Humidity
2020:6:22/12:32:2,32.9,57.5
Time,Temperature,Humidity
2020:6:22/12:50:13,30.3,39.7
Time,Temperature,Humidity
2020:6:22/12:50:13,30.1,39.7
Time,Temperature,Humidity
2020:6:22/12:50:14,30.1,39.8
Time,Temperature,Humidity
2020:6:22/12:50:14,30.1,39.6
Time,Temperature,Humidity
2020:6:22/12:50:15,30,39.7
Time,Temperature,Humidity
2020:6:22/12:50:15,29.9,39.6
Time,Temperature,Humidity
2020:6:22/12:50:16,29.9,39.6
Time,Temperature,Humidity
2020:6:22/12:50:16,30,39.5
Time,Temperature,Humidity
2020:6:22/12:50:17,29.8,39.5
Time,Temperature,Humidity
2020:6:22/12:50:17,29.3,39.3
Time,Temperature,Humidity
2020:6:22/12:50:18,29.7,39.5
Time,Temperature,Humidity
2020:6:22/12:50:18,29.8,39.7
Time,Temperature,Humidity
2020:6:22/12:50:19,29.6,39.7
Time,Temperature,Humidity
2020:6:22/12:50:19,29.6,39.8
Time,Temperature,Humidity
2020:6:22/12:50:20,29.7,39.7
Time,Temperature,Humidity
2020:6:22/12:50:20,29.6,39.7
Time,Temperature,Humidity
2020:6:22/12:50:21,29.5,39.6
Time,Temperature,Humidity
2020:6:22/12:50:21,29.9,39.6
Time,Temperature,Humidity
2020:6:22/12:50:22,29.4,39.3
Time,Temperature,Humidity
2020:6:22/12:50:22,29.3,39.3
Time,Temperature,Humidity
2020:6:22/12:50:23,29.2,39.4
Time,Temperature,Humidity
2020:6:22/12:50:23,29.4,39.3
Time,Temperature,Humidity
2020:6:22/12:50:24,29.2,39.4
Time,Temperature,Humidity
2020:6:22/12:50:24,29.2,39.3
Time,Temperature,Humidity
2020:6:22/12:50:25,29.2,39.4
Time,Temperature,Humidity
2020:6:22/12:50:25,29.2,39.4
Time,Temperature,Humidity
2020:6:22/12:50:26,29.1,39.5
Time,Temperature,Humidity
2020:6:22/12:50:26,29.1,39.5
Time,Temperature,Humidity
2020:6:22/12:50:27,29.5,39.7
Time,Temperature,Humidity
2020:6:22/12:50:27,29,39.5
Time,Temperature,Humidity
2020:6:22/12:50:28,29.1,39.4
Time,Temperature,Humidity
2020:6:22/12:50:28,28.9,39.5
Time,Temperature,Humidity
2020:6:22/12:50:29,29,39.5
Time,Temperature,Humidity
2020:6:22/12:50:29,28.9,39.6
Time,Temperature,Humidity
2020:6:22/12:50:30,28.8,39.5
Time,Temperature,Humidity
2020:6:22/12:50:30,28.7,39.6
Time,Temperature,Humidity
2020:6:22/12:50:31,28.8,39.5
Time,Temperature,Humidity
2020:6:22/12:50:31,28.6,39.5
Time,Temperature,Humidity
2020:6:22/12:50:32,28.2,39.6
Time,Temperature,Humidity
2020:6:22/12:50:32,28.7,39.6
Time,Temperature,Humidity
2020:6:22/12:50:33,28.7,39.7
Time,Temperature,Humidity
2020:6:22/12:50:33,28.5,39.6
Time,Temperature,Humidity
2020:6:22/12:50:34,28.7,39.7
Time,Temperature,Humidity
2020:6:22/12:50:34,28.5,39.7
Time,Temperature,Humidity
2020:6:22/12:50:35,28.6,39.7
Time,Temperature,Humidity
2020:6:22/12:50:35,28.4,39.6
Time,Temperature,Humidity
2020:6:22/12:50:36,28.4,39.6
Time,Temperature,Humidity
2020:6:22/12:50:36,28.2,39.7
Time,Temperature,Humidity
2020:6:22/12:50:36,28.4,39.6
Time,Temperature,Humidity
2020:6:22/12:50:37,28.4,39.8
Time,Temperature,Humidity
2020:6:22/12:50:37,28.4,39.7
Time,Temperature,Humidity
2020:6:22/12:50:38,28.2,39.8
Time,Temperature,Humidity
2020:6:22/12:50:38,28.2,39.8
Time,Temperature,Humidity
2020:6:22/12:50:39,28.3,39.9
Time,Temperature,Humidity
2020:6:22/12:50:39,28.2,39.8
Time,Temperature,Humidity
2020:6:22/12:50:40,28.3,39.9
Time,Temperature,Humidity
2020:6:22/12:50:40,28.2,39.9
Time,Temperature,Humidity
2020:6:22/12:50:41,28.1,39.5
Time,Temperature,Humidity
2020:6:22/12:50:41,28.2,40
Time,Temperature,Humidity
2020:6:22/12:50:42,27.9,39.5
Time,Temperature,Humidity
2020:6:22/12:50:42,28.1,39.6
Time,Temperature,Humidity
2020:6:22/12:50:43,28,39.6
Time,Temperature,Humidity
2020:6:22/12:50:43,28.1,39.7
Time,Temperature,Humidity
2020:6:22/12:50:44,27.9,39.6
Time,Temperature,Humidity
2020:6:22/12:50:44,28,39.7
Time,Temperature,Humidity
2020:6:22/12:50:45,28,39.7
Time,Temperature,Humidity
2020:6:22/12:50:45,28,39.6
Time,Temperature,Humidity
2020:6:22/12:50:46,27.8,39.8
Time,Temperature,Humidity
2020:6:22/12:50:46,27.8,39.7
Time,Temperature,Humidity
2020:6:22/12:50:47,27.9,39.8
Time,Temperature,Humidity
2020:6:22/12:50:47,27.8,39.7
Time,Temperature,Humidity
2020:6:22/12:50:48,27.7,39.8
Time,Temperature,Humidity
2020:6:22/12:50:48,27.6,39.7
Time,Temperature,Humidity
2020:6:22/12:50:49,27.9,39.8
Time,Temperature,Humidity
2020:6:22/12:50:49,27.9,39.9
Time,Temperature,Humidity
2020:6:22/12:50:50,28.2,40.1
Time,Temperature,Humidity
2020:6:22/12:50:50,27.7,39.9
Time,Temperature,Humidity
2020:6:22/12:50:51,27.8,39.8
Time,Temperature,Humidity
2020:6:22/12:50:51,27.7,39.9
Time,Temperature,Humidity
2020:6:22/12:50:52,27.7,39.8
Time,Temperature,Humidity
2020:6:22/12:50:52,27.6,39.9
Time,Temperature,Humidity
2020:6:22/12:50:53,27.7,39.9
Time,Temperature,Humidity
2020:6:22/12:50:53,27.7,40
Time,Temperature,Humidity
2020:6:22/12:50:54,27.2,40
Time,Temperature,Humidity
2020:6:22/12:50:54,27.5,40
Time,Temperature,Humidity
2020:6:22/12:50:55,27.7,40
Time,Temperature,Humidity
2020:6:22/12:50:55,27.5,39.9
Time,Temperature,Humidity
2020:6:22/12:50:56,27.7,40
Time,Temperature,Humidity
2020:6:22/12:50:56,27.6,40
Time,Temperature,Humidity
2020:6:22/12:50:57,27.6,40.1
Time,Temperature,Humidity
2020:6:22/12:50:57,27.4,40
Time,Temperature,Humidity
2020:6:22/12:50:58,27.5,39.9
Time,Temperature,Humidity
2020:6:22/12:50:58,27.8,39.9
Time,Temperature,Humidity
2020:6:22/12:50:59,27.1,40
Time,Temperature,Humidity
2020:6:22/12:50:59,27.5,40
Time,Temperature,Humidity
2020:6:22/12:51:0,27.4,39.9
Time,Temperature,Humidity
2020:6:22/12:51:0,27.4,40.1
Time,Temperature,Humidity
2020:6:22/12:51:1,27.3,40
Time,Temperature,Humidity
2020:6:22/12:51:1,27.2,40.1
Time,Temperature,Humidity
2020:6:22/12:51:2,27.4,40
Time,Temperature,Humidity
2020:6:22/12:51:2,27.4,40.1
Time,Temperature,Humidity
2020:6:22/12:51:3,27.4,40
Time,Temperature,Humidity
2020:6:22/12:51:3,27.8,40
Time,Temperature,Humidity
2020:6:22/12:51:4,26.7,39.7
Time,Temperature,Humidity
2020:6:22/12:51:4,27.3,40
Time,Temperature,Humidity
2020:6:22/12:51:5,27.3,40.1
Time,Temperature,Humidity
2020:6:22/12:51:5,27.3,40
Time,Temperature,Humidity
2020:6:22/12:51:6,27.2,40.1
Time,Temperature,Humidity
2020:6:22/12:51:6,27.3,40
Time,Temperature,Humidity
2020:6:22/12:51:7,27.2,40.1
Time,Temperature,Humidity
2020:6:22/12:51:7,27.2,40.1
Time,Temperature,Humidity
2020:6:22/12:51:8,27.7,40.1
Time,Temperature,Humidity
2020:6:22/12:51:8,27.2,40.1
Time,Temperature,Humidity
2020:6:22/12:51:9,27.2,40.1
Time,Temperature,Humidity
2020:6:22/12:51:9,27.2,40.3
Time,Temperature,Humidity
2020:6:22/12:51:10,27.2,40.2
Time,Temperature,Humidity
2020:6:22/12:51:10,27.2,40.3
Time,Temperature,Humidity
2020:6:22/12:51:11,27.1,40.2
Time,Temperature,Humidity
2020:6:22/12:51:11,27.2,40.3
Time,Temperature,Humidity
2020:6:22/12:51:12,27.1,40.2
Time,Temperature,Humidity
2020:6:22/12:51:12,27,40.3
Time,Temperature,Humidity
2020:6:22/12:51:13,27.1,40.3
Time,Temperature,Humidity
2020:6:22/12:51:13,27.7,40.2
Time,Temperature,Humidity
2020:6:22/12:51:14,27,40.4
Time,Temperature,Humidity
2020:6:22/12:51:14,27,40.3
Time,Temperature,Humidity
2020:6:22/12:51:15,27,40.4
Time,Temperature,Humidity
2020:6:22/12:51:15,27,40.3
Time,Temperature,Humidity
2020:6:22/12:51:16,27,40.4
Time,Temperature,Humidity
2020:6:22/12:51:16,27,40.3
Time,Temperature,Humidity
2020:6:22/12:51:17,27.1,40.4
Time,Temperature,Humidity
2020:6:22/12:51:17,26.4,40.1
Time,Temperature,Humidity
2020:6:22/12:51:18,27,40.4
Time,Temperature,Humidity
2020:6:22/12:51:18,27.1,40.5
Time,Temperature,Humidity
2020:6:22/12:51:19,27,40.4
Time,Temperature,Humidity
2020:6:22/12:51:19,27.1,40.5
Time,Temperature,Humidity
2020:6:22/12:51:20,27,40.4
Time,Temperature,Humidity
2020:6:22/12:51:20,27,40.5
Time,Temperature,Humidity
2020:6:22/12:51:21,26.9,40.4
Time,Temperature,Humidity
2020:6:22/12:51:21,26.9,40.5
Time,Temperature,Humidity
2020:6:22/12:51:22,26.9,40.4
Time,Temperature,Humidity
2020:6:22/12:51:22,26.9,40.4
Time,Temperature,Humidity
2020:6:22/12:51:23,26.3,40.2
Time,Temperature,Humidity
2020:6:22/12:51:23,26.9,40.5
Time,Temperature,Humidity
2020:6:22/12:51:24,26.8,40.2
Time,Temperature,Humidity
2020:6:22/12:51:24,26.9,40.5
Time,Temperature,Humidity
2020:6:22/12:51:25,26.9,40.6
Time,Temperature,Humidity
2020:6:22/12:51:25,26.9,40.5
Time,Temperature,Humidity
2020:6:22/12:51:26,26.9,40.6
Time,Temperature,Humidity
2020:6:22/12:51:26,26.8,40.2
Time,Temperature,Humidity
2020:6:22/12:51:27,27.5,40.5
Time,Temperature,Humidity
2020:6:22/12:51:27,26.5,40.3
Time,Temperature,Humidity
2020:6:22/12:51:28,26.8,40.2
Time,Temperature,Humidity
2020:6:22/12:51:28,26.9,40.6
Time,Temperature,Humidity
2020:6:22/12:51:29,26.8,40.2
Time,Temperature,Humidity
2020:6:22/12:51:29,26.9,40.6
Time,Temperature,Humidity
2020:6:22/12:51:29,26.8,40.2
Time,Temperature,Humidity
2020:6:22/12:51:30,26.8,40.3
Time,Temperature,Humidity
2020:6:22/12:51:30,26.9,40.7
Time,Temperature,Humidity
2020:6:22/12:51:31,27.2,40.8
Time,Temperature,Humidity
2020:6:22/12:51:31,26.7,40.5
Time,Temperature,Humidity
2020:6:22/12:51:32,26.7,40.4
Time,Temperature,Humidity
2020:6:22/12:51:32,26.7,40.5
Time,Temperature,Humidity
2020:6:22/12:51:33,26.6,40.5
Time,Temperature,Humidity
2020:6:22/12:51:33,26.7,40.6
Time,Temperature,Humidity
2020:6:22/12:51:34,26.8,40.5
Time,Temperature,Humidity
2020:6:22/12:51:34,26.7,40.6
Time,Temperature,Humidity
2020:6:22/12:51:35,26.8,40.5
Time,Temperature,Humidity
2020:6:22/12:51:35,26.6,40.6
Time,Temperature,Humidity
2020:6:22/12:51:36,26.5,40.6
Time,Temperature,Humidity
2020:6:22/12:51:36,27.1,40.9
Time,Temperature,Humidity
2020:6:22/12:51:37,26.7,40.6
Time,Temperature,Humidity
2020:6:22/12:51:37,26.7,40.5
Time,Temperature,Humidity
2020:6:22/12:51:38,26.6,40.7
Time,Temperature,Humidity
2020:6:22/12:51:38,26.8,40.6
Time,Temperature,Humidity
2020:6:22/12:51:39,26.6,40.7
Time,Temperature,Humidity
2020:6:22/12:51:39,26.8,40.6
Time,Temperature,Humidity
2020:6:22/12:51:40,26.6,40.7
Time,Temperature,Humidity
2020:6:22/12:51:40,26.4,40.7
Time,Temperature,Humidity
2020:6:22/12:51:41,26.6,40.7
Time,Temperature,Humidity
2020:6:22/12:51:41,26.5,40.7
Time,Temperature,Humidity
2020:6:22/12:51:42,26.7,40.6
Time,Temperature,Humidity
2020:6:22/12:51:42,26.7,40.7
